COMPANY NAME,OPENING,PURCHASE,SALES,CLOSING,month
ELLORA PHARMA,"17,705.13","3,463.72","15,190.15","11,002.08",apr23
BIOMAXX LIFE SC,"26,208.78","10,476.60","14,870.05","30,642.60",apr23
DIAGNO CURE,"13,279.73","7,761.82","14,498.82","11,863.33",apr23
CUBIT HEALTHCAR,"1,866.00","6,739.17","7,521.30","2,849.37",apr23
"GENARIC,S","9,453.40","3,162.64","7,329.90","7,421.24",apr23
DOCTORGOD HEALT,"4,469.04","4,696.96","6,095.50","7,731.98",apr23
lyod health car,"2,978.13","7,372.28","6,050.35","4,910.25",apr23
MANKIND PHARMA,"7,312.87","2,968.01","5,910.47","5,583.19",apr23
USV LIMITED,"6,231.48","3,336.42","5,495.90","4,818.20",apr23
SUN PHARMACEUTI,"5,024.99","3,151.00","4,713.74","4,226.75",apr23
ALKEM LABRATORI,"1,409.94","4,811.97","4,286.64","2,455.55",apr23
IPCA LABORATORI,"3,767.16","5,812.43","3,882.67","6,022.33",apr23
JOHNSON & JOHNS,"1,768.82","2,735.94","3,873.13","1,816.75",apr23
REVIVAL PHARMA,"3,386.09","3,207.08","3,604.02","4,072.91",apr23
BASIL LABORATRI,"7,001.41","1,148.68","3,569.30","5,218.58",apr23
OLYMPUS THERAPE,"2,151.93","1,679.22","3,439.53","2,887.38",apr23
INDICA LIFE SCI,"1,408.68","3,250.80","3,289.50","2,654.83",apr23
CAD - SHRRISHTI,"4,440.54","1,709.68","2,914.79","4,092.63",apr23
ABBOTT INDIA LT,"2,962.29","3,320.35","2,737.06","3,910.75",apr23
ASTRA LABS,"1,486.50",856.10,"2,684.09","1,283.75",apr23
OMRON ELECTRONI,"1,803.20",0.00,"2,345.00",0.00,apr23
LIFE CARE LABS.,183.33,"2,291.69","1,980.00","1,283.34",apr23
CAPITAL PHARMA,"2,921.87",998.76,"1,909.03","2,423.00",apr23
CAMLIN,"1,921.50",980.00,"1,832.05","2,339.50",apr23
viva,"2,275.07",732.34,"1,818.20","2,155.70",apr23
CIPLA LTD,"2,316.52",0.00,"1,808.14",719.33,apr23
MMC LABORATORIE,559.98,"1,823.94","1,713.75",957.57,apr23
MODI MUNDI PHAR,"1,488.01","2,480.02","1,704.94","2,480.02",apr23
GENERA LABORATO,"5,762.85",0.00,"1,479.07","4,447.09",apr23
UNIQUE,846.72,"1,357.79","1,381.64","1,074.73",apr23
MSD PHARMACEUTI,184.00,"1,656.00","1,242.00",736.01,apr23
INDUS DURGS FOR,"1,381.81","1,176.06","1,233.37","1,810.27",apr23
DR.REDDY'S LAB,"2,596.90","1,253.43","1,192.55","2,816.17",apr23
ZYDUS CADILA,712.08,991.98,"1,180.48",940.23,apr23
ERIS LIFE SCIEN,341.70,"1,119.11","1,170.81",469.50,apr23
PULSE PHARMA PV,472.37,484.36,"1,163.72",0.00,apr23
LUPIN LTD,0.00,"2,152.08","1,152.90","1,076.04",apr23
GLENMARK,"2,051.23",578.74,"1,062.83","1,685.24",apr23
ROCHE PHARMA [I,0.00,0.00,944.10,0.00,apr23
BLUE CROSS LABO,"1,005.58",0.00,864.00,314.40,apr23
DABUR,134.88,944.17,826.14,404.64,apr23
SANOFI-AVENTIS,529.11,555.81,719.26,498.70,apr23
HEALTH INDIA FO,672.00,0.00,685.30,112.00,apr23
GLAXO SMITHKLIN,"1,397.18","1,072.30",683.80,"1,879.18",apr23
MICRO LABS LIMI,"1,681.03",173.61,682.80,"1,266.96",apr23
ZENMAXX LIFE SC,"1,293.15",0.00,600.00,775.89,apr23
LUPIN,525.57,0.00,591.30,0.00,apr23
ALKEM-BERGEN HE,0.00,"1,174.65",557.98,704.79,apr23
JOHNSON & JOHNS,412.51,"1,139.98",517.23,"1,096.16",apr23
MEPRO SPECIALIT,0.00,604.80,497.70,302.40,apr23
XENO PHARMECITI,"1,543.08",0.00,489.01,"1,132.32",apr23
KINESIS PHARMAC,"2,013.22",592.01,444.00,"2,368.42",apr23
PROCTER & GAMBL,237.82,317.09,396.40,237.82,apr23
WOCKHARDT,449.95,0.00,390.00,315.55,apr23
MEYER,"1,105.59",0.00,372.40,786.39,apr23
Q-CHECK SPECILI,440.38,0.00,318.60,157.18,apr23
NOVO NORDISK,442.20,0.00,315.86,147.40,apr23
PFIZER,"2,511.11",293.48,313.99,"2,520.68",apr23
SIGMA LAB,"1,323.00",0.00,300.96,"1,082.23",apr23
APEX LABORATOR,223.59,339.69,285.50,334.89,apr23
MED MANOR ORGAN,750.37,0.00,268.00,535.98,apr23
SYSTOPIC,0.00,624.06,263.25,390.02,apr23
BIOCHEM PHARMAC,247.30,0.00,253.12,204.29,apr23
FDC PHARMACEUTI,527.79,0.00,250.00,327.78,apr23
CIPLA GENERIC,123.65,"1,176.00",232.38,"1,157.69",apr23
RANBAXY,"1,077.44",0.00,218.40,902.72,apr23
ALEMBIC,380.02,700.03,200.00,"1,020.05",apr23
MANEESH HEALTHC,0.00,288.79,180.90,115.52,apr23
MERCK LIMITED,"1,001.82",0.00,167.40,867.79,apr23
SERUM INTERNATI,969.86,0.00,163.92,836.65,apr23
NOVARTIS,275.93,0.00,161.00,147.13,apr23
SYMPHONY ANNANA,739.34,0.00,155.92,600.71,apr23
GLAXO INDIA LIM,401.64,90.23,153.55,365.31,apr23
ESMATRIX,500.64,0.00,149.00,375.48,apr23
OZONE-PHARMACUT,304.56,0.00,148.99,172.14,apr23
ARAVIND REMEDIE,0.00,332.42,147.00,207.76,apr23
BE-LINE PHARMA,339.36,0.00,144.00,218.40,apr23
SHIELD,115.20,0.00,144.00,0.00,apr23
NICHOLAS-ROCHE,112.00,147.29,138.34,147.30,apr23
AZIAN FORMULATI,675.77,0.00,124.16,564.54,apr23
WYETH,264.66,59.48,123.76,207.54,apr23
IPCA-3C DIVISON,600.01,151.17,100.80,667.18,apr23
INTAS GENERIC,369.25,0.00,89.08,297.99,apr23
BOEHRINGER MANN,89.07,88.10,82.98,108.65,apr23
MEDLEY PHARMACE,141.61,0.00,70.80,84.96,apr23
WIN-MEDICARE,65.52,359.99,54.60,381.83,apr23
STANCHEM LIFE S,56.90,150.81,52.50,192.62,apr23
MANKIND GENRIC,355.64,0.00,34.20,328.28,apr23
AVENTIS PHARMA,14.90,0.00,1.96,13.31,apr23
juggat pharama,241.88,0.00,0.00,241.88,apr23
microtech,896.00,0.00,0.00,896.00,apr23
CORONA REMEDIES,477.62,0.00,0.00,477.62,apr23
RAMSONS SURGICA,392.00,0.00,0.00,392.00,apr23
VIRCHOW BIOTECH,148.80,0.00,0.00,148.80,apr23
SVIZERA HEALTH,409.05,0.00,0.00,409.05,apr23
LIA LIFE SCIENC,195.20,0.00,0.00,195.20,apr23
GUARDEVER LIFE,77.93,0.00,0.00,77.93,apr23
GLENMARK MILIEU,367.18,0.00,0.00,367.18,apr23
J.B.CHEMICALS &,230.75,0.00,0.00,230.75,apr23
CADIA PHARMACEU,8.90,0.00,0.00,8.90,apr23
BTL PHARMA,9.50,0.00,0.00,9.50,apr23
ABILASH PHARMA,231.34,0.00,0.00,231.34,apr23
LATIN LABORATAR,"1,216.69",0.00,0.00,"1,216.69",apr23
Dr.REDDY'S AQUR,274.80,0.00,0.00,274.80,apr23
ORDAIN HEALTH C,192.20,0.00,0.00,192.20,apr23
ELDER HEALTHCAR,19.64,0.00,0.00,19.64,apr23
ACUMEN PHARMA,76.32,0.00,0.00,76.32,apr23
CHILD'S PRODUCT,448.00,224.00,0.00,448.00,apr23
COMMONWEALTH LA,422.45,0.00,0.00,422.45,apr23
FRANCO-INDIAN,396.63,0.00,0.00,396.63,apr23
STEDMAN PHARMAC,200.01,208.01,0.00,408.02,apr23
WALTER BUSHNELL,309.90,0.00,0.00,309.90,apr23
VERITAZ HEALTHC,3.70,0.00,0.00,3.70,apr23
WALLACE,547.19,500.79,0.00,"1,047.98",apr23
SERDIA,896.88,0.00,0.00,896.88,apr23
DUPHAR-SOLVAY,105.60,0.00,0.00,105.60,apr23
GERMAN REMEDIES,218.94,0.00,0.00,218.94,apr23
MERIND,91.12,0.00,0.00,91.12,apr23
SMITHKLINE BEEC,14.32,0.00,0.00,14.32,apr23
JAGSONPAL,150.01,0.00,0.00,150.01,apr23
BAYER,65.78,0.00,0.00,65.78,apr23
ABBOTT LABORATO,389.97,0.00,0.00,389.97,apr23
PHARMACIA & UPJ -47.32,126.20,252.40,420.67,,apr23
DIAGNO CURE,"9,935.20","20,904.03","28,216.94","15,615.04",august23
BIOMAXX LIFE SC,"26,052.95","3,142.83","14,919.31","22,889.77",august23
USV LIMITED,"7,222.05","11,932.30","11,515.60","8,990.22",august23
ELLORA PHARMA,"13,300.75","5,255.55","9,177.70","15,741.43",august23
INDICA LIFE SCI,"3,001.58","6,501.60","8,979.69","3,174.96",august23
CUBIT HEALTHCAR,"1,354.22","6,995.14","8,203.80","2,141.92",august23
"GENARIC,S","6,295.85","5,895.73","6,990.61","8,254.41",august23
lyod health car,"4,200.32","10,064.48","6,602.32","8,531.70",august23
BASIL LABORATRI,"9,793.14","2,693.49","5,970.37","8,639.59",august23
SUN PHARMACEUTI,"6,403.29","5,759.46","5,770.57","6,612.74",august23
REVIVAL PHARMA,"1,896.51","5,123.06","5,557.29","3,402.17",august23
ORINOVA,"1,293.26","2,155.44","4,020.00","1,819.19",august23
IPCA LABORATORI,"4,312.65","5,077.31","4,009.56","5,893.02",august23
LIFE CARE LABS.,"3,804.21","2,291.69","3,960.00","3,254.20",august23
ALKEM LABRATORI,"3,165.36","4,502.40","3,887.10","4,526.16",august23
CIPLA LTD,"2,194.33","3,154.51","3,782.10","2,319.38",august23
GLAXO SMITHKLIN,"2,501.85","3,408.72","3,716.44","2,911.46",august23
MODI MUNDI PHAR,"2,480.01","1,984.01","3,471.88","1,488.00",august23
GENERA LABORATO,"5,232.84","3,472.74","3,424.60","7,458.89",august23
OLYMPUS THERAPE,"4,612.70",879.99,"3,132.90","2,901.14",august23
SANOFI-AVENTIS,"3,009.16","2,588.15","3,109.61","4,237.49",august23
DABUR,944.17,"1,348.82","2,984.22",0.00,august23
DOCTORGOD HEALT,"9,542.86",0.00,"2,771.15","2,864.93",august23
viva,"6,983.99",713.80,"2,641.30","6,221.37",august23
UNIQUE,861.88,"2,612.76","2,583.48","1,281.10",august23
LEEFORD HEALT,0.00,"3,781.12","2,582.72","2,789.25",august23
JOHNSON & JOHNS,"1,274.82","2,476.90","2,575.00","1,871.91",august23
MANKIND PHARMA,"5,710.30","1,749.44","2,294.66","5,767.10",august23
ABBOTT INDIA LT,"5,801.78","1,638.21","2,031.02","5,710.89",august23
ZYDUS CADILA,563.91,"2,014.33","2,021.20","1,490.57",august23
GLENMARK,"1,608.86","1,529.92","2,008.99","1,416.24",august23
LIA LIFE SCIENC,"3,781.64","1,050.56","1,657.95","3,805.84",august23
INDUS DURGS FOR,"2,058.01",756.00,"1,474.50","2,037.00",august23
CAMLIN,"1,766.60",267.23,"1,469.90","1,105.20",august23
ROYAL DRUG CORP,0.00,"1,200.00","1,260.00",600.00,august23
ORSIM PHARMA,"4,819.03",301.73,"1,248.00","4,346.60",august23
LATIN LABORATAR,"1,138.72",0.00,"1,200.00",138.78,august23
MICRO LABS LIMI,"1,249.08","2,787.22","1,192.75","2,991.28",august23
ALKEM-BERGEN HE,874.43,441.12,"1,192.31",330.84,august23
KINESIS PHARMAC,"1,906.26",651.18,"1,139.60","1,776.02",august23
SYSTOPIC,354.03,"1,324.31","1,126.20",997.58,august23
PULSE PHARMA PV,"1,868.23",0.00,"1,100.71",954.87,august23
LUPIN LTD,980.85,980.85,"1,098.00",980.85,august23
ERIS LIFE SCIEN,965.82,"1,163.40","1,091.39","1,209.63",august23
ASTRA LABS,745.88,806.40,"1,069.55","1,245.76",august23
licco life scie,0.00,"2,166.76","1,007.50","1,706.36",august23
INTAS GENERIC,548.67,702.38,977.47,508.04,august23
CAD - SHRRISHTI,"1,154.58","1,108.02",948.48,"1,735.90",august23
ROCHE PHARMA [I,0.00,960.04,944.10,0.00,august23
ALEMBIC,700.03,"1,166.44",912.35,"1,213.26",august23
INFOOD INC,"1,271.16","1,271.20",870.00,"1,779.64",august23
DR.REDDY'S LAB,"3,458.69","2,820.84",830.92,"4,012.99",august23
CAPITAL PHARMA,"1,234.67","1,265.82",777.06,"2,066.17",august23
XENO PHARMECITI,"5,261.76",0.00,759.05,"2,209.96",august23
ESMATRIX,691.36,378.00,754.00,529.20,august23
ZENMAXX LIFE SC,"1,681.10",0.00,750.00,"1,034.52",august23
SYMPHONY ANNANA,"1,293.66",0.00,693.00,739.22,august23
filis pharmaceu,"1,491.53",0.00,656.00,894.92,august23
NOVO NORDISK,294.80,589.60,631.72,294.80,august23
BE-LINE PHARMA,117.60,722.40,584.00,819.84,august23
ZYDUS ALIDAC,462.60,462.60,578.25,462.60,august23
MMC LABORATORIE,455.99,0.00,513.00,0.00,august23
WIN-MEDICARE,"1,243.11",630.88,473.54,"1,486.54",august23
MERCK LIMITED,"1,308.07",0.00,450.06,931.32,august23
APEX LABORATOR,407.61,251.97,439.50,307.83,august23
FDC PHARMACEUTI,263.89,674.87,421.78,601.32,august23
WALLACE,911.18,294.40,386.60,896.31,august23
SIGMA LAB,"1,491.82",307.98,355.14,"1,515.67",august23
GENETICA,0.00,435.42,342.00,145.15,august23
SUN-AZTEC,411.22,121.61,341.00,243.22,august23
CIPLA GENERIC,595.22,0.00,280.44,414.46,august23
BLUE CROSS LABO,"1,174.74",0.00,257.40,963.56,august23
JOHNSON & JOHNS,702.81,278.97,229.52,783.88,august23
INTAS PHARMACEU,0.00,484.78,227.25,282.79,august23
GLAXO INDIA LIM,203.09,662.00,225.95,711.73,august23
WOCKHARDT,271.70,242.24,207.74,335.60,august23
MANKIND GENRIC,172.39,430.98,204.71,482.69,august23
AZIAN FORMULATI,546.05,0.00,200.88,362.84,august23
PROCTER & GAMBL,158.55,872.01,198.20,951.28,august23
SERDIA,896.89,0.00,178.06,738.61,august23
SERUM INTERNATI,773.09,0.00,174.72,631.25,august23
SUNWAY'S,0.00,236.79,148.00,112.00,august23
RPG LIFE SCIENC,117.13,117.11,146.40,117.13,august23
SHIELD,230.40,0.00,144.00,115.20,august23
RANBAXY,902.72,553.19,138.30,"1,345.28",august23
MED MANOR ORGAN,"1,286.35",0.00,134.00,"1,179.15",august23
ELDER GENERICS,500.64,0.00,133.20,608.16,august23
ORDAIN HEALTH C,100.90,302.70,126.13,302.70,august23
STEDMAN PHARMAC,200.01,0.00,125.00,100.00,august23
VIRCHOW BIOTECH,288.01,0.00,102.00,206.40,august23
ACUMEN PHARMA,652.51,0.00,94.50,568.56,august23
MAAXMUS LIFE SC,0.00,639.97,80.00,703.96,august23
GLENMARK MILIEU,367.18,0.00,76.50,305.98,august23
WYETH,295.55,0.00,62.10,237.42,august23
ABILASH PHARMA,98.54,0.00,61.20,47.13,august23
PFIZER,"2,102.68",545.54,56.20,"2,594.35",august23
BOEHRINGER MANN,304.43,0.00,49.84,265.27,august23
IPCA-3C DIVISON,922.56,0.00,37.80,888.97,august23
OZONE-PHARMACUT,71.88,567.50,36.18,607.23,august23
PHARMACIA & UPJ,420.67,0.00,31.55,395.42,august23
J.B.CHEMICALS &,296.71,0.00,8.15,290.19,august23
NOEL,0.00,206.36,0.00,206.36,august23
juggat pharama,241.88,0.00,0.00,241.88,august23
microtech,896.00,0.00,0.00,896.00,august23
STANCHEM LIFE S,24.57,0.00,0.00,24.57,august23
KOYE PHARAMACEU,0.00,313.29,0.00,348.04,august23
CORONA REMEDIES,477.62,0.00,0.00,477.62,august23
RAMSONS SURGICA,392.00,0.00,0.00,392.00,august23
HEALTH INDIA FO,112.00,0.00,0.00,112.00,august23
SVIZERA HEALTH,409.05,0.00,0.00,409.05,august23
MSD PHARMACEUTI,"1,104.03",0.00,0.00,"1,104.03",august23
MANEESH HEALTHC,57.76,0.00,0.00,57.76,august23
CADIA PHARMACEU,8.90,0.00,0.00,8.90,august23
BTL PHARMA,9.50,0.00,0.00,9.50,august23
Q-CHECK SPECILI,283.20,0.00,0.00,283.20,august23
Dr.REDDY'S AQUR,274.80,0.00,0.00,274.80,august23
SUN-SPECTRA,"1,192.02",0.00,0.00,"1,192.02",august23
BIOCHEM PHARMAC,8.06,0.00,0.00,8.06,august23
COMMONWEALTH LA,422.45,0.00,0.00,422.45,august23
FRANCO-INDIAN,396.63,0.00,0.00,396.63,august23
MEYER,467.19,0.00,0.00,467.19,august23
WALTER BUSHNELL,309.90,0.00,0.00,309.90,august23
ARAVIND REMEDIE,124.66,0.00,0.00,124.66,august23
MEDLEY PHARMACE,47.21,0.00,0.00,47.21,august23
DUPHAR-SOLVAY,621.50,0.00,0.00,621.50,august23
GERMAN REMEDIES,174.14,0.00,0.00,174.14,august23
AVENTIS PHARMA,13.31,0.00,0.00,13.31,august23
MERIND,91.12,66.64,0.00,157.75,august23
SMITHKLINE BEEC,14.32,0.00,0.00,14.32,august23
JAGSONPAL,50.01,0.00,0.00,50.01,august23
BAYER,65.78,0.00,0.00,65.78,august23
UNICHEM,416.53,0.00,0.00,416.53,august23
NOVARTIS,147.13,0.00,0.00,147.13,august23
ABBOTT LABORATO,408.45,0.00,0.00,408.45,august23
DIAGNO CURE,"16,811.96","6,741.23","15,688.05","11,990.18",dec23
DOCTORGOD HEALT,"8,248.81","5,209.37","13,526.51","8,000.89",dec23
ELLORA PHARMA,"10,995.33","5,289.99","11,914.05","11,385.83",dec23
BIOMAXX LIFE SC,"22,224.98","2,892.89","11,252.94","21,852.76",dec23
BASIL LABORATRI,"6,311.28","7,666.09","11,106.82","6,037.26",dec23
"GENARIC,S","9,519.76","3,058.23","8,990.75","7,935.02",dec23
CUBIT HEALTHCAR,"4,271.00","4,659.96","7,581.60","2,849.30",dec23
USV LIMITED,"8,623.78","5,765.66","7,442.77","8,932.72",dec23
REVIVAL PHARMA,"3,694.00","4,368.67","6,199.34","3,815.88",dec23
IPCA LABORATORI,"6,688.47","4,792.17","5,948.13","6,386.77",dec23
GENERA LABORATO,"7,946.14","2,712.68","5,598.50","7,264.29",dec23
lyod health car,"18,257.28",363.24,"5,262.56","14,157.01",dec23
SUN PHARMACEUTI,"8,291.21","3,301.78","4,615.27","7,775.60",dec23
JOHNSON & JOHNS,"3,257.35","1,703.97","4,048.00","2,813.41",dec23
INDICA LIFE SCI,"4,518.62","1,083.60","3,828.72","2,264.73",dec23
LIFE CARE LABS.,"5,179.22",0.00,"3,740.00","2,062.52",dec23
ALKEM LABRATORI,"4,796.16","3,259.20","3,652.97","4,613.87",dec23
CIPLA LTD,"3,575.78","2,817.12","3,555.60","1,892.87",dec23
viva,"11,434.28","2,297.39","3,456.80","11,789.73",dec23
SARABHAI CHEMIC,"2,455.31","1,292.93","3,330.79","1,502.80",dec23
MODI MUNDI PHAR,"2,775.99","1,360.02","3,252.89","1,359.96",dec23
OLYMPUS THERAPE,"6,339.27",0.00,"3,184.65","3,577.36",dec23
ORINOVA,"2,047.68","2,155.44","3,028.00","3,496.12",dec23
MANKIND PHARMA,"5,023.18","1,839.62","2,505.34","5,001.99",dec23
ORSIM PHARMA,"4,948.28",0.00,"2,452.00","2,733.63",dec23
NESTLE FORMULAT,0.00,"2,238.98","2,415.00",0.00,dec23
ABBOTT INDIA LT,"8,224.17",781.76,"2,387.30","7,011.08",dec23
DABUR,"1,329.15","1,476.83","2,381.34","1,033.78",dec23
SANOFI-AVENTIS,"4,915.64","1,316.00","1,966.72","4,661.45",dec23
UNIQUE,"1,684.62","1,273.87","1,947.45","1,332.65",dec23
CAMLIN,"1,816.44","1,014.50","1,853.00","2,343.08",dec23
LEEFORD HEALT,"3,562.00",0.00,"1,846.88","3,082.80",dec23
XENO PHARMECITI,"3,631.32","1,264.20","1,757.99","3,671.64",dec23
ERIS LIFE SCIEN,"1,035.35",930.72,"1,686.93",569.99,dec23
DR.REDDY'S LAB,"4,240.71","1,012.03","1,631.90","3,929.47",dec23
KINESIS PHARMAC,"1,906.26",651.18,"1,628.00","1,385.31",dec23
ZYDUS CADILA,"2,992.35",991.98,"1,594.92","2,906.80",dec23
GLENMARK,"1,956.39","1,160.08","1,572.36","1,709.45",dec23
MAAXMUS LIFE SC,"1,079.24",720.04,"1,523.60",712.85,dec23
WALLACE,637.28,"1,143.20","1,403.25",642.93,dec23
LUPIN,610.11,449.99,"1,325.10",0.00,dec23
PFIZER,"3,273.74",970.37,"1,320.24","3,154.04",dec23
LUPIN LTD,"1,434.72","1,044.12","1,152.90","1,402.80",dec23
APEX LABORATOR,"1,092.07",875.99,"1,076.19","1,107.07",dec23
LIA LIFE SCIENC,"3,947.11","1,158.07","1,053.59","4,685.58",dec23
HBC LIFESCIENCE,"5,387.35",0.00,977.43,"4,518.56",dec23
FDC PHARMACEUTI,"1,110.57",551.01,882.93,955.27,dec23
WIN-MEDICARE,"1,179.53",810.23,871.52,"1,288.22",dec23
MERCK LIMITED,"2,068.55",467.25,870.89,"1,809.59",dec23
MICRO LABS LIMI,"4,450.86",408.02,848.59,"4,213.47",dec23
ESMATRIX,"1,306.20",625.80,820.10,"1,355.76",dec23
ASTRA LABS,875.71,134.40,817.00,496.71,dec23
INDUS DURGS FOR,"1,103.80","1,512.07",798.00,"2,701.56",dec23
SYSTOPIC,"1,183.52","1,147.86",735.75,"1,064.67",dec23
ALEMBIC,"1,073.25",0.00,712.50,503.22,dec23
PROCTER & GAMBL,317.09,554.92,693.70,396.37,dec23
CAPITAL PHARMA,"1,796.29",0.00,647.73,"1,236.56",dec23
INFOOD INC,"1,525.41",0.00,600.00,"1,016.94",dec23
INTAS GENERIC,"1,469.77",0.00,598.10,934.51,dec23
GLAXO SMITHKLIN,"62,458.78",191.27,593.62,"39,404.77",dec23
PULSE PHARMA PV,55.35,"1,313.54",588.20,"1,036.76",dec23
CAD - SHRRISHTI,"2,031.28",0.00,508.56,"1,593.53",dec23
filis pharmaceu,"1,410.17",0.00,480.00,"1,003.39",dec23
NOEL,123.82,0.00,432.00,0.00,dec23
MED MANOR ORGAN,0.00,345.59,421.20,0.00,dec23
licco life scie,731.30,0.00,403.00,379.19,dec23
ZENMAXX LIFE SC,775.89,646.58,300.00,"1,810.41",dec23
BE-LINE PHARMA,252.00,315.00,285.00,390.60,dec23
BLUE CROSS LABO,"1,161.31",199.98,264.66,"1,189.57",dec23
ORDAIN HEALTH C,"2,276.94",0.00,252.26,"2,075.14",dec23
ALLERGAN,0.00,0.00,240.77,0.00,dec23
ALKEM-BERGEN HE,441.12,0.00,234.34,248.13,dec23
RANBAXY,"1,304.48",166.40,230.50,"1,286.47",dec23
CADILA PHARMACE,293.00,117.20,219.69,234.40,dec23
ELDER GENERICS,554.40,0.00,199.80,487.20,dec23
AVENTIS PHARMA,154.77,141.46,176.82,154.77,dec23
SERUM INTERNATI,"1,276.58",0.00,174.72,"1,134.74",dec23
OSCAR,130.40,130.40,163.00,130.40,dec23
SIGMA LAB,"1,325.20",0.00,162.30,"1,186.12",dec23
NOVO NORDISK,442.20,0.00,157.93,294.80,dec23
MANKIND GENRIC,544.05,0.00,142.92,429.72,dec23
NICHOLAS-ROCHE,257.78,0.00,138.09,147.30,dec23
INTAS PHARMACEU,242.39,0.00,136.35,121.20,dec23
GERMAN REMEDIES,192.06,0.00,132.55,86.02,dec23
WYETH,148.77,0.00,82.72,77.44,dec23
GLENMARK MILIEU,244.79,0.00,76.50,183.59,dec23
OZONE-PHARMACUT,287.54,0.00,68.35,228.89,dec23
MERIND,149.66,0.00,50.62,109.16,dec23
GLAXO INDIA LIM,682.24,0.00,50.40,641.92,dec23
DUPHAR-SOLVAY,514.30,0.00,50.25,474.10,dec23
IPCA-3C DIVISON,969.39,0.00,32.93,943.05,dec23
ACUMEN PHARMA,385.40,0.00,27.00,362.51,dec23
KOYE PHARAMACEU,118.34,0.00,24.84,97.45,dec23
juggat pharama,241.88,0.00,18.00,227.48,dec23
CIPLA GENERIC,19.99,0.00,6.85,15.96,dec23
microtech,896.00,0.00,0.00,896.00,dec23
STANCHEM LIFE S,135.73,0.00,0.00,135.73,dec23
CORONA REMEDIES,671.99,0.00,0.00,671.99,dec23
VIRCHOW BIOTECH,206.40,0.00,0.00,206.40,dec23
SVIZERA HEALTH,409.05,0.00,0.00,409.05,dec23
PIRAMAL HEALTHC,83.63,0.00,0.00,83.63,dec23
AZIAN FORMULATI,192.88,0.00,0.00,192.88,dec23
J.B.CHEMICALS &,290.19,0.00,0.00,290.19,dec23
MANEESH HEALTHC,57.76,0.00,0.00,57.76,dec23
ASTRAZENECA,"1,008.00",0.00,0.00,"1,008.00",dec23
CADIA PHARMACEU,8.90,0.00,0.00,8.90,dec23
BTL PHARMA,9.50,0.00,0.00,9.50,dec23
ELDER-ELLIFE PH,219.61,0.00,0.00,219.61,dec23
Q-CHECK SPECILI,"1,012.43",0.00,0.00,"1,012.43",dec23
LATIN LABORATAR,"1,680.35",0.00,0.00,"1,680.35",dec23
Dr.REDDY'S AQUR,137.40,0.00,0.00,137.40,dec23
SUN-SPECTRA,"1,192.02",0.00,0.00,"1,192.02",dec23
SYMPHONY ANNANA,184.79,0.00,0.00,184.79,dec23
BIOCHEM PHARMAC,8.06,0.00,0.00,8.06,dec23
CHILD'S PRODUCT,448.00,0.00,0.00,448.00,dec23
COMMONWEALTH LA,230.43,0.00,0.00,230.43,dec23
MMC LABORATORIE,455.99,0.00,0.00,455.99,dec23
KNOLL PHAMA,110.77,0.00,0.00,110.77,dec23
PHARMACIA & UPJ,147.23,0.00,0.00,147.23,dec23
MAXIMAA,0.00,191.99,0.00,191.99,dec23
SUNWAY'S,112.00,0.00,0.00,112.00,dec23
FRANCO-INDIAN,396.63,0.00,0.00,396.63,dec23
SHIELD,115.20,230.40,0.00,345.60,dec23
WALTER BUSHNELL,30.99,0.00,0.00,30.99,dec23
MEDLEY PHARMACE,47.21,0.00,0.00,47.21,dec23
SUN-NATCO,122.00,0.00,0.00,122.00,dec23
SUN-AZTEC,243.22,0.00,0.00,243.22,dec23
SERDIA,"1,118.45",0.00,0.00,"1,118.45",dec23
GRANDIX,103.20,0.00,0.00,103.20,dec23
BOEHRINGER MANN,422.77,0.00,0.00,422.77,dec23
SMITHKLINE BEEC,16.04,0.00,0.00,16.04,dec23
ARISTO PHARMACE,178.58,0.00,0.00,178.58,dec23
GENETICA,435.45,0.00,0.00,435.45,dec23
JAGSONPAL,324.00,0.00,0.00,324.00,dec23
BAYER,65.78,0.00,0.00,65.78,dec23
UNICHEM,539.32,0.00,0.00,539.32,dec23
JOHNSON & JOHNS,"1,086.07",0.00,0.00,"1,086.07",dec23
NOVARTIS,273.05,0.00,0.00,273.05,dec23
ABBOTT LABORATO,575.66,0.00,0.00,575.66,dec23
WOCKHARDT -79.89,338.96,0.00,402.87,,dec23
DIAGNO CURE,"13,260.02","13,785.69","17,369.70","18,267.50",feb24
BIOMAXX LIFE SC,"23,322.54","3,886.89","10,865.82","19,350.19",feb24
ELLORA PHARMA,"8,826.38","3,556.56","10,199.57","7,136.85",feb24
DOCTORGOD HEALT,"8,469.79","3,554.64","8,095.30","8,135.64",feb24
CUBIT HEALTHCAR,"1,734.20","7,773.55","7,866.60","3,554.09",feb24
USV LIMITED,"7,538.51","8,256.59","7,525.74","9,289.32",feb24
SUN PHARMACEUTI,"5,815.56","7,146.06","6,882.87","6,941.99",feb24
REVIVAL PHARMA,"3,972.47","3,430.67","6,056.61","2,996.29",feb24
LEEFORD HEALT,"5,437.29",601.44,"5,809.90","4,198.05",feb24
IPCA LABORATORI,"5,362.82","6,216.03","5,130.66","7,105.71",feb24
DR.REDDY'S LAB,"4,495.96","3,622.34","4,528.15","4,162.38",feb24
ALKEM LABRATORI,"4,016.73","3,464.05","4,506.23","3,569.96",feb24
lyod health car,"10,848.61",462.74,"4,361.57","7,534.81",feb24
BASIL LABORATRI,"5,926.67","3,867.24","4,315.16","8,037.42",feb24
viva,"12,057.49","2,853.82","3,835.41","14,415.25",feb24
"GENARIC,S","8,951.81","2,114.51","3,746.58","8,615.21",feb24
GLENMARK,"2,847.22","2,448.24","3,652.65","2,054.73",feb24
INDICA LIFE SCI,368.42,"5,418.00","3,650.70","4,713.67",feb24
ABBOTT INDIA LT,"7,374.07","4,346.60","3,347.75","8,918.65",feb24
ORINOVA,965.64,"2,155.44","3,325.00","2,172.69",feb24
MODI MUNDI PHAR,"2,175.93","2,720.04","3,127.90","2,175.93",feb24
OLYMPUS THERAPE,"8,019.13",879.99,"3,064.35","6,441.90",feb24
HBC LIFESCIENCE,"3,805.59","5,419.69","2,980.73","8,216.22",feb24
SARABHAI CHEMIC,"2,405.53","2,632.41","2,806.31","3,903.46",feb24
CAMLIN,"1,272.75","2,490.68","2,720.95","4,013.32",feb24
ERIS LIFE SCIEN,569.99,"3,504.85","2,675.79","1,748.04",feb24
ASTRA LABS,959.04,456.96,"2,650.50",660.67,feb24
MANKIND PHARMA,"5,188.40","1,606.65","2,589.96","4,811.17",feb24
GENERA LABORATO,"6,233.19","1,572.51","2,363.25","6,533.16",feb24
ALKEM-BERGEN HE,661.67,"1,323.34","2,250.42",137.85,feb24
UNIQUE,"2,218.96","1,314.96","2,140.23","1,752.28",feb24
LIA LIFE SCIENC,"4,659.84","1,206.03","1,947.67","4,725.31",feb24
ORSIM PHARMA,"4,526.70",905.18,"1,806.50","4,662.08",feb24
SANOFI-AVENTIS,"4,109.82","1,348.28","1,743.24","4,011.62",feb24
ZYDUS CADILA,"2,494.41","2,313.43","1,734.17","3,755.98",feb24
JOHNSON & JOHNS,"5,528.21",65.28,"1,729.80","4,202.02",feb24
INDUS DURGS FOR,"1,945.51",756.00,"1,647.00","1,680.90",feb24
DABUR,738.42,"1,476.83","1,606.02","1,033.78",feb24
KNOLL PHAMA,"1,801.97","1,344.00","1,564.65","2,384.70",feb24
ZENMAXX LIFE SC,"1,293.15",646.58,"1,500.00","1,293.15",feb24
KINESIS PHARMAC,"1,385.31",651.18,"1,369.70",674.94,feb24
PFIZER,"3,040.16","2,179.96","1,360.20","4,112.67",feb24
WIN-MEDICARE,"1,353.84","1,348.35","1,348.00","1,623.76",feb24
ORDAIN HEALTH C,"2,078.30",814.50,"1,347.85","1,977.40",feb24
INTAS GENERIC,441.00,"2,033.69","1,334.74","1,423.38",feb24
CIPLA LTD,"1,705.42","1,298.30","1,173.88","1,939.69",feb24
SYSTOPIC,780.71,"1,535.83","1,168.20","1,278.23",feb24
ALEMBIC,"1,284.54",766.60,"1,095.19","1,040.38",feb24
ESMATRIX,"1,280.16",0.00,"1,006.00",427.56,feb24
MAAXMUS LIFE SC,568.84,720.05,963.00,662.45,feb24
XENO PHARMECITI,"2,338.56",0.00,927.00,"1,559.88",feb24
Q-CHECK SPECILI,700.92,"1,557.58",876.15,"1,869.10",feb24
CAD - SHRRISHTI,"1,151.67",766.08,857.28,"1,381.50",feb24
MICRO LABS LIMI,"3,394.49","1,366.43",825.97,"4,113.87",feb24
LATIN LABORATAR,847.07,"1,249.92",800.00,"2,680.29",feb24
LUPIN,610.11,610.09,762.60,610.11,feb24
licco life scie,487.53,"1,083.38",741.00,"1,137.57",feb24
CAPITAL PHARMA,"1,434.96",332.92,655.36,"1,248.38",feb24
MED MANOR ORGAN,950.36,0.00,637.20,431.98,feb24
SARA ORGANICS,0.00,"2,729.22",633.29,"3,548.04",feb24
WALLACE,632.86,824.01,622.67,958.72,feb24
MERCK LIMITED,"1,834.78",377.72,620.42,"1,711.41",feb24
INFOOD INC,0.00,"3,813.52",600.00,"3,305.05",feb24
ELDER-ELLIFE PH,219.61,219.61,494.10,0.00,feb24
JOHNSON & JOHNS,807.12,557.93,485.37,946.60,feb24
BLUE CROSS LABO,"1,287.97",159.98,455.33,"1,123.71",feb24
WALTER BUSHNELL,30.99,803.40,451.92,432.70,feb24
filis pharmaceu,"1,816.96",0.00,432.00,"1,410.17",feb24
GENETICA,435.45,290.28,420.00,387.07,feb24
MANKIND GENRIC,758.05,0.00,410.45,429.72,feb24
PROCTER & GAMBL,872.01,0.00,396.40,554.91,feb24
GLAXO SMITHKLIN,"39,075.33",886.34,377.62,"38,841.45",feb24
APEX LABORATOR,961.81,440.00,365.04,"1,109.78",feb24
VIRCHOW BIOTECH,206.40,249.60,312.00,206.40,feb24
H&H PHRAMA,0.00,264.23,297.27,0.00,feb24
MAXIMAA,383.98,479.98,288.00,710.36,feb24
PIRAMAL HEALTHC,83.63,250.89,261.90,83.63,feb24
SIGMA LAB,"1,026.53",0.00,227.04,838.74,feb24
OZONE-PHARMACUT,550.48,0.00,210.48,380.23,feb24
RANBAXY,"1,296.07",477.59,179.10,973.82,feb24
AVENTIS PHARMA,146.21,155.57,166.12,168.88,feb24
OSCAR,130.40,130.40,163.00,130.40,feb24
BE-LINE PHARMA,323.40,168.00,155.00,394.80,feb24
ACUMEN PHARMA,309.09,0.00,144.00,186.97,feb24
NICHOLAS-ROCHE,73.65,147.29,138.09,110.48,feb24
STANCHEM LIFE S,135.73,0.00,136.50,15.09,feb24
FRANCO-INDIAN,396.63,801.40,124.98,"1,098.06",feb24
NOVARTIS,273.05,141.61,106.73,329.27,feb24
INTAS PHARMACEU,121.20,0.00,90.90,40.40,feb24
FDC PHARMACEUTI,796.17,292.69,86.90,"1,038.81",feb24
BAYER,65.78,0.00,82.22,0.00,feb24
juggat pharama,213.08,0.00,66.60,155.49,feb24
CADILA PHARMACE,440.57,58.60,65.91,440.57,feb24
GERMAN REMEDIES,86.02,0.00,44.80,50.18,feb24
SYMPHONY ANNANA,184.79,0.00,38.50,153.99,feb24
GLAXO INDIA LIM,564.64,0.00,35.70,536.08,feb24
BOEHRINGER MANN,361.79,0.00,31.45,332.43,feb24
AZIAN FORMULATI,147.72,0.00,26.92,121.91,feb24
WOCKHARDT,402.87,0.00,26.63,381.57,feb24
SARABHAI-PIRAMA,0.00,119.35,24.86,99.46,feb24
KOYE PHARAMACEU,55.69,0.00,24.84,34.81,feb24
SMITHKLINE BEEC,16.04,32.08,20.05,32.08,feb24
PULSE PHARMA PV,138.39,0.00,17.30,124.54,feb24
WYETH,75.05,0.00,5.53,70.29,feb24
microtech,896.00,0.00,0.00,896.00,feb24
CORONA REMEDIES,671.99,0.00,0.00,671.99,feb24
SVIZERA HEALTH,409.05,0.00,0.00,409.05,feb24
GUARDEVER LIFE,0.00,299.84,0.00,449.76,feb24
LIFE CARE LABS.,45.83,0.00,0.00,45.83,feb24
J.B.CHEMICALS &,397.74,0.00,0.00,397.74,feb24
MANEESH HEALTHC,57.76,0.00,0.00,57.76,feb24
ELDER GENERICS,467.04,0.00,0.00,467.04,feb24
ASTRAZENECA,"1,008.00",118.44,0.00,"1,126.44",feb24
CADIA PHARMACEU,8.90,0.00,0.00,8.90,feb24
BTL PHARMA,9.50,0.00,0.00,9.50,feb24
ROYAL DRUG CORP,600.00,0.00,0.00,600.00,feb24
Dr.REDDY'S AQUR,137.40,0.00,0.00,137.40,feb24
SUN-SPECTRA,"1,192.02",0.00,0.00,"1,192.02",feb24
IPCA-3C DIVISON,632.62,0.00,0.00,632.62,feb24
CIPLA GENERIC,15.96,0.00,0.00,15.96,feb24
ALKEM GENERIC,262.36,0.00,0.00,262.36,feb24
BIOCHEM PHARMAC,8.06,0.00,0.00,8.06,feb24
CHILD'S PRODUCT,448.00,0.00,0.00,448.00,feb24
COMMONWEALTH LA,230.43,115.21,0.00,345.64,feb24
MMC LABORATORIE,455.99,0.00,0.00,455.99,feb24
NOVO NORDISK,599.05,0.00,0.00,599.05,feb24
PHARMACIA & UPJ,121.99,0.00,0.00,121.99,feb24
SUNWAY'S,112.00,0.00,0.00,112.00,feb24
SHIELD,268.80,0.00,0.00,268.80,feb24
MEDLEY PHARMACE,47.21,0.00,0.00,47.21,feb24
SUN-NATCO,122.00,0.00,0.00,122.00,feb24
SUN-AZTEC,547.24,0.00,0.00,547.24,feb24
SERDIA,"1,118.45",0.00,0.00,"1,118.45",feb24
LUPIN LTD,"1,402.80",0.00,0.00,"1,402.80",feb24
DUPHAR-SOLVAY,420.50,0.00,0.00,420.50,feb24
GRANDIX,103.20,0.00,0.00,103.20,feb24
MERIND,42.53,0.00,0.00,42.53,feb24
ARISTO PHARMACE,178.58,0.00,0.00,178.58,feb24
JAGSONPAL,291.60,0.00,0.00,291.60,feb24
UNICHEM,539.32,0.00,0.00,539.32,feb24
SERUM INTERNATI,851.06,0.00,0.00,851.06,feb24
ABBOTT LABORATO,575.66,0.00,0.00,575.66,feb24
DIAGNO CURE,"11,990.18","13,986.46","21,974.55","13,260.02",jan24
ELLORA PHARMA,"11,385.83","5,417.11","15,322.05","8,826.38",jan24
BIOMAXX LIFE SC,"21,852.76","5,614.39","13,465.62","23,322.54",jan24
USV LIMITED,"8,932.72","9,222.11","12,262.61","7,538.51",jan24
DOCTORGOD HEALT,"8,000.89","3,505.64","11,834.84","8,469.79",jan24
BASIL LABORATRI,"6,037.26","3,871.28","7,773.84","5,926.67",jan24
REVIVAL PHARMA,"3,815.88","5,317.16","7,596.05","3,972.47",jan24
"GENARIC,S","7,935.02","5,275.36","6,684.07","8,951.81",jan24
CUBIT HEALTHCAR,"2,849.30","4,142.77","6,447.00","1,734.20",jan24
OLYMPUS THERAPE,"3,577.36","6,919.81","6,323.70","8,019.13",jan24
IPCA LABORATORI,"6,386.77","4,153.78","6,099.04","5,362.82",jan24
SUN PHARMACEUTI,"7,775.60","2,601.99","5,448.43","5,815.56",jan24
INDICA LIFE SCI,"2,264.73","2,167.20","5,089.05",368.42,jan24
ALKEM LABRATORI,"4,613.87","3,787.39","5,046.67","4,016.73",jan24
lyod health car,"14,157.01",454.05,"4,302.06","10,848.61",jan24
LEEFORD HEALT,"3,082.80","3,457.44","4,029.70","5,437.29",jan24
SARABHAI CHEMIC,"1,502.80","2,584.06","3,976.96","2,405.53",jan24
viva,"11,789.73","1,446.11","3,016.85","12,057.49",jan24
MANKIND PHARMA,"5,001.99","2,421.76","3,009.15","5,188.40",jan24
GENERA LABORATO,"7,264.29","1,032.66","2,969.35","6,233.19",jan24
ABBOTT INDIA LT,"7,011.08","2,639.73","2,814.89","7,374.07",jan24
LIFE CARE LABS.,"2,062.52",0.00,"2,750.00",45.83,jan24
ORINOVA,"3,496.12",0.00,"2,730.00",965.64,jan24
JOHNSON & JOHNS,"2,813.41","3,971.85","2,562.00","5,528.21",jan24
CAMLIN,"2,343.08",507.25,"2,537.95","1,272.75",jan24
DABUR,"1,033.78","1,476.83","2,362.88",738.42,jan24
ASTRA LABS,496.71,"1,075.20","2,166.00",959.04,jan24
ZYDUS CADILA,"2,906.80","1,086.40","2,091.97","2,494.41",jan24
GLENMARK,"1,709.45","2,798.65","2,033.73","2,847.22",jan24
INDUS DURGS FOR,"2,701.56",579.60,"1,935.00","1,945.51",jan24
WALTER BUSHNELL,30.99,"1,606.80","1,807.65",30.99,jan24
UNIQUE,"1,332.65","2,312.88","1,723.28","2,218.96",jan24
ORSIM PHARMA,"2,733.63","1,681.01","1,685.00","4,526.70",jan24
XENO PHARMECITI,"3,671.64",0.00,"1,587.01","2,338.56",jan24
KNOLL PHAMA,110.77,"2,078.72","1,440.00","1,801.97",jan24
ERIS LIFE SCIEN,569.99,"1,163.40","1,425.16",569.99,jan24
filis pharmaceu,"1,003.39","1,355.94","1,392.00","1,816.96",jan24
LIA LIFE SCIENC,"4,685.58",807.97,"1,372.35","4,659.84",jan24
WIN-MEDICARE,"1,288.22","1,078.43","1,266.00","1,353.84",jan24
APEX LABORATOR,"1,107.07",840.07,"1,260.20",961.81,jan24
ROYAL DRUG CORP,0.00,"1,200.00","1,260.00",600.00,jan24
MAAXMUS LIFE SC,712.85,720.05,"1,254.60",568.84,jan24
INTAS GENERIC,934.51,508.03,"1,251.94",441.00,jan24
MODI MUNDI PHAR,"1,359.96","1,904.02","1,223.96","2,175.93",jan24
INFOOD INC,"1,016.94",0.00,"1,200.00",0.00,jan24
SYSTOPIC,"1,064.67",757.71,"1,172.01",780.71,jan24
MICRO LABS LIMI,"4,213.47",184.02,"1,167.32","3,394.49",jan24
PFIZER,"3,154.04",780.78,"1,098.25","3,040.16",jan24
ALEMBIC,503.22,"1,533.20","1,094.07","1,284.54",jan24
CAPITAL PHARMA,"1,236.56",953.74,"1,079.37","1,434.96",jan24
GLAXO SMITHKLIN,"39,404.77",834.14,"1,055.52","39,075.33",jan24
WALLACE,642.93,844.00,"1,036.31",632.86,jan24
PULSE PHARMA PV,"1,036.76",0.00,"1,010.70",138.39,jan24
ESMATRIX,"1,355.76",625.80,984.00,"1,280.16",jan24
KINESIS PHARMAC,"1,385.31",651.18,976.80,"1,385.31",jan24
LATIN LABORATAR,"1,680.35",0.00,970.00,847.07,jan24
DR.REDDY'S LAB,"3,929.47","1,376.50",959.52,"4,495.96",jan24
licco life scie,379.19,541.69,919.75,487.53,jan24
HBC LIFESCIENCE,"4,518.56",0.00,855.02,"3,805.59",jan24
LUPIN,0.00,"1,220.18",762.60,610.11,jan24
RANBAXY,"1,286.47",653.59,724.50,"1,296.07",jan24
ALKEM-BERGEN HE,248.13,992.51,716.82,661.67,jan24
SANOFI-AVENTIS,"4,661.45",0.00,682.13,"4,109.82",jan24
ZENMAXX LIFE SC,"1,810.41",0.00,600.00,"1,293.15",jan24
MERCK LIMITED,"1,809.59",471.60,557.68,"1,834.78",jan24
CAD - SHRRISHTI,"1,593.53",0.00,507.76,"1,151.67",jan24
NOVO NORDISK,294.80,748.81,476.32,599.05,jan24
SIGMA LAB,"1,186.12",184.79,418.95,"1,026.53",jan24
CIPLA LTD,"1,892.87",150.92,411.06,"1,705.42",jan24
Q-CHECK SPECILI,"1,012.43",0.00,389.40,700.92,jan24
IPCA-3C DIVISON,943.05,0.00,387.99,632.62,jan24
SERUM INTERNATI,"1,134.74",0.00,349.44,851.06,jan24
MAXIMAA,191.99,383.98,348.00,383.98,jan24
MED MANOR ORGAN,0.00,950.36,324.00,950.36,jan24
JOHNSON & JOHNS,"1,086.07",0.00,307.40,807.12,jan24
OZONE-PHARMACUT,228.89,567.50,279.06,550.48,jan24
VIRCHOW BIOTECH,206.40,206.40,258.00,206.40,jan24
MANKIND GENRIC,429.72,482.83,253.51,758.05,jan24
ORDAIN HEALTH C,"2,075.14",201.80,236.08,"2,078.30",jan24
GLENMARK MILIEU,183.59,0.00,229.50,0.00,jan24
INTAS PHARMACEU,121.20,201.99,227.25,121.20,jan24
FDC PHARMACEUTI,955.27,0.00,198.89,796.17,jan24
PROCTER & GAMBL,396.37,554.92,198.20,872.01,jan24
H&H PHRAMA,0.00,176.15,198.18,0.00,jan24
AVENTIS PHARMA,154.77,132.90,176.82,146.21,jan24
OSCAR,130.40,130.40,163.00,130.40,jan24
BE-LINE PHARMA,390.60,50.40,140.00,323.40,jan24
GLAXO INDIA LIM,641.92,0.00,96.60,564.64,jan24
SHIELD,345.60,0.00,96.00,268.80,jan24
NICHOLAS-ROCHE,147.30,0.00,92.06,73.65,jan24
MERIND,109.16,0.00,83.31,42.53,jan24
SUN-AZTEC,243.22,364.83,76.00,547.24,jan24
BLUE CROSS LABO,"1,189.57",158.39,75.00,"1,287.97",jan24
BOEHRINGER MANN,422.77,0.00,69.08,361.79,jan24
DUPHAR-SOLVAY,474.10,0.00,67.00,420.50,jan24
ELDER GENERICS,487.20,0.00,66.60,467.04,jan24
CADILA PHARMACE,234.40,264.80,65.91,440.57,jan24
ACUMEN PHARMA,362.51,0.00,63.00,309.09,jan24
AZIAN FORMULATI,192.88,0.00,50.12,147.72,jan24
KOYE PHARAMACEU,97.45,0.00,49.68,55.69,jan24
GENRAL,0.00,37.50,42.00,0.00,jan24
JAGSONPAL,324.00,0.00,40.50,291.60,jan24
PHARMACIA & UPJ,147.23,0.00,31.55,121.99,jan24
juggat pharama,227.48,0.00,18.00,213.08,jan24
WYETH,77.44,0.00,2.76,75.05,jan24
microtech,896.00,0.00,0.00,896.00,jan24
STANCHEM LIFE S,135.73,0.00,0.00,135.73,jan24
CORONA REMEDIES,671.99,0.00,0.00,671.99,jan24
SVIZERA HEALTH,409.05,0.00,0.00,409.05,jan24
PIRAMAL HEALTHC,83.63,0.00,0.00,83.63,jan24
J.B.CHEMICALS &,290.19,107.52,0.00,397.74,jan24
MANEESH HEALTHC,57.76,0.00,0.00,57.76,jan24
ASTRAZENECA,"1,008.00",0.00,0.00,"1,008.00",jan24
CADIA PHARMACEU,8.90,0.00,0.00,8.90,jan24
BTL PHARMA,9.50,0.00,0.00,9.50,jan24
ELDER-ELLIFE PH,219.61,0.00,0.00,219.61,jan24
Dr.REDDY'S AQUR,137.40,0.00,0.00,137.40,jan24
SUN-SPECTRA,"1,192.02",0.00,0.00,"1,192.02",jan24
SYMPHONY ANNANA,184.79,0.00,0.00,184.79,jan24
CIPLA GENERIC,15.96,0.00,0.00,15.96,jan24
ALKEM GENERIC,0.00,262.36,0.00,262.36,jan24
BIOCHEM PHARMAC,8.06,0.00,0.00,8.06,jan24
CHILD'S PRODUCT,448.00,0.00,0.00,448.00,jan24
COMMONWEALTH LA,230.43,0.00,0.00,230.43,jan24
MMC LABORATORIE,455.99,0.00,0.00,455.99,jan24
SUNWAY'S,112.00,0.00,0.00,112.00,jan24
FRANCO-INDIAN,396.63,0.00,0.00,396.63,jan24
MEDLEY PHARMACE,47.21,0.00,0.00,47.21,jan24
SUN-NATCO,122.00,0.00,0.00,122.00,jan24
SERDIA,"1,118.45",0.00,0.00,"1,118.45",jan24
LUPIN LTD,"1,402.80",0.00,0.00,"1,402.80",jan24
GRANDIX,103.20,0.00,0.00,103.20,jan24
GERMAN REMEDIES,86.02,0.00,0.00,86.02,jan24
SMITHKLINE BEEC,16.04,0.00,0.00,16.04,jan24
ARISTO PHARMACE,178.58,0.00,0.00,178.58,jan24
GENETICA,435.45,0.00,0.00,435.45,jan24
BAYER,65.78,0.00,0.00,65.78,jan24
UNICHEM,539.32,0.00,0.00,539.32,jan24
WOCKHARDT,402.87,0.00,0.00,402.87,jan24
NOVARTIS,273.05,0.00,0.00,273.05,jan24
ABBOTT LABORATO,575.66,0.00,0.00,575.66,jan24
DIAGNO CURE,"14,757.73","9,525.94","20,480.32","9,935.20",july23
BIOMAXX LIFE SC,"33,069.10","5,394.70","18,480.36","26,052.95",july23
ELLORA PHARMA,"9,411.04","7,351.30","11,901.37","13,300.75",july23
USV LIMITED,"6,576.49","8,006.56","8,515.38","7,222.05",july23
CUBIT HEALTHCAR,"3,927.48","3,625.56","7,288.80","1,354.22",july23
ABBOTT INDIA LT,"5,652.13","6,103.75","7,147.29","5,801.78",july23
INDICA LIFE SCI,"4,150.20","3,250.80","5,777.91","3,001.58",july23
"GENARIC,S","5,071.55","5,174.67","5,648.21","6,295.85",july23
lyod health car,"3,912.06","4,747.35","5,121.72","4,200.32",july23
REVIVAL PHARMA,"1,661.08","4,078.04","5,086.48","1,896.51",july23
BASIL LABORATRI,"5,546.29","6,196.61","5,065.26","9,793.14",july23
ALKEM LABRATORI,"3,818.91","3,333.79","4,595.37","3,165.36",july23
SUN PHARMACEUTI,"5,515.66","4,788.48","4,448.93","6,403.29",july23
IPCA LABORATORI,"6,535.96","1,549.96","4,316.71","4,312.65",july23
DOCTORGOD HEALT,"10,151.95","1,625.84","3,701.80","9,542.86",july23
ORINOVA,0.00,"2,155.44","3,252.00","1,293.26",july23
MANKIND PHARMA,"8,556.32","1,373.30","2,906.23","5,710.30",july23
filis pharmaceu,"1,491.53","1,355.94","2,256.00","1,491.53",july23
SANOFI-AVENTIS,782.16,"3,881.26","2,137.89","3,009.16",july23
GENERA LABORATO,"6,230.27",505.04,"2,041.35","5,232.84",july23
GLAXO SMITHKLIN,"1,778.57","2,256.68","1,921.25","2,501.85",july23
OLYMPUS THERAPE,"1,671.97","3,823.91","1,905.60","4,612.70",july23
viva,"4,411.54","1,967.57","1,687.30","6,983.99",july23
PULSE PHARMA PV,"1,591.45","1,383.87","1,682.42","1,868.23",july23
MODI MUNDI PHAR,"1,984.01","1,984.01","1,673.94","2,480.01",july23
CAMLIN,"2,676.14",222.77,"1,658.60","1,766.60",july23
UNIQUE,"1,126.27","1,112.80","1,586.83",861.88,july23
JOHNSON & JOHNS,"2,111.93",336.00,"1,544.46","1,274.82",july23
INDUS DURGS FOR,"1,440.64","1,302.00","1,460.00","2,058.01",july23
KINESIS PHARMAC,"1,807.43","1,130.20","1,427.80","1,906.26",july23
ZYDUS CADILA,"1,590.30",0.00,"1,413.60",563.91,july23
CAD - SHRRISHTI,"2,554.60",0.00,"1,327.73","1,154.58",july23
LIFE CARE LABS.,"2,154.19","2,291.69","1,320.00","3,804.21",july23
MSD PHARMACEUTI,"1,104.03","1,104.01","1,242.00","1,104.03",july23
DABUR,443.12,"1,348.82","1,211.34",944.17,july23
ERIS LIFE SCIEN,744.27,"1,129.97","1,077.54",965.82,july23
DR.REDDY'S LAB,"2,831.61","1,568.16","1,067.45","3,458.69",july23
SYMPHONY ANNANA,735.07,"1,078.05","1,002.75","1,293.66",july23
ASTRA LABS,"1,133.71",0.00,"1,000.85",745.88,july23
GLENMARK,"2,025.07",460.60,990.19,"1,608.86",july23
ALKEM-BERGEN HE,"1,027.82",661.68,989.51,874.43,july23
XENO PHARMECITI,"2,965.20","2,557.80",919.99,"5,261.76",july23
LIA LIFE SCIENC,608.02,"2,914.35",885.70,"3,781.64",july23
ELDER GENERICS,776.16,0.00,852.51,500.64,july23
MICRO LABS LIMI,948.95,"1,012.48",744.52,"1,249.08",july23
UNICHEM,999.67,0.00,728.95,416.53,july23
SIGMA LAB,639.26,"1,383.36",721.84,"1,491.82",july23
INTAS GENERIC,598.73,508.03,705.72,548.67,july23
IPCA-3C DIVISON,963.52,489.86,647.48,922.56,july23
SYSTOPIC,198.37,690.80,602.10,354.03,july23
ZENMAXX LIFE SC,905.21,646.58,600.00,"1,681.10",july23
LUPIN,0.00,525.59,591.30,0.00,july23
MMC LABORATORIE,501.59,455.99,570.00,455.99,july23
ESMATRIX,"1,142.44",0.00,537.00,691.36,july23
WALLACE,797.59,500.79,484.00,911.18,july23
LATIN LABORATAR,388.77,749.95,450.00,"1,138.72",july23
WIN-MEDICARE,191.99,"1,405.41",437.52,"1,243.11",july23
CAPITAL PHARMA,"1,234.67",332.92,431.46,"1,234.67",july23
MERCK LIMITED,"1,524.61",128.04,411.96,"1,308.07",july23
LUPIN LTD,"1,076.04",263.49,384.30,980.85,july23
APEX LABORATOR,358.63,399.97,368.75,407.61,july23
ALEMBIC,990.04,0.00,362.50,700.03,july23
CIPLA LTD,"1,506.36",959.69,326.35,"2,194.33",july23
NOVO NORDISK,294.80,294.80,315.86,294.80,july23
CIPLA GENERIC,799.85,0.00,309.15,595.22,july23
CHILD'S PRODUCT,224.00,0.00,280.00,0.00,july23
STEDMAN PHARMAC,408.02,0.00,260.00,200.01,july23
JOHNSON & JOHNS,919.91,0.00,258.64,702.81,july23
AZIAN FORMULATI,487.41,139.05,240.98,546.05,july23
MANKIND GENRIC,353.40,0.00,226.25,172.39,july23
OZONE-PHARMACUT,141.88,113.50,206.45,71.88,july23
VIRCHOW BIOTECH,163.21,288.01,204.00,288.01,july23
PFIZER,"2,288.41",0.00,199.31,"2,102.68",july23
SERUM INTERNATI,437.03,434.44,174.72,773.09,july23
Q-CHECK SPECILI,440.38,0.00,159.30,283.20,july23
WOCKHARDT,213.29,178.32,142.70,271.70,july23
SUN-AZTEC,532.83,0.00,136.80,411.22,july23
INTAS PHARMACEU,0.00,121.20,136.35,0.00,july23
SERDIA,"1,002.40",0.00,131.89,896.89,july23
ORDAIN HEALTH C,201.80,0.00,126.13,100.90,july23
SHIELD,153.60,153.60,96.00,230.40,july23
NICHOLAS-ROCHE,73.65,0.00,92.06,0.00,july23
GLAXO INDIA LIM,273.07,0.00,87.42,203.09,july23
FDC PHARMACEUTI,327.78,0.00,79.85,263.89,july23
WYETH,296.89,58.13,62.10,295.55,july23
DUPHAR-SOLVAY,58.71,535.99,50.25,621.50,july23
ARAVIND REMEDIE,166.21,0.00,49.00,124.66,july23
BOEHRINGER MANN,333.80,0.00,37.38,304.43,july23
STANCHEM LIFE S,54.73,0.00,35.00,24.57,july23
ACUMEN PHARMA,679.22,0.00,31.50,652.51,july23
BE-LINE PHARMA,134.40,0.00,20.00,117.60,july23
BLUE CROSS LABO,791.97,712.76,16.50,"1,174.74",july23
INFOOD INC,0.00,"1,271.16",0.00,"1,271.16",july23
ORSIM PHARMA,0.00,"2,409.51",0.00,"4,819.03",july23
juggat pharama,241.88,0.00,0.00,241.88,july23
microtech,896.00,0.00,0.00,896.00,july23
CORONA REMEDIES,477.62,0.00,0.00,477.62,july23
RAMSONS SURGICA,392.00,0.00,0.00,392.00,july23
HEALTH INDIA FO,112.00,0.00,0.00,112.00,july23
SVIZERA HEALTH,409.05,0.00,0.00,409.05,july23
GLENMARK MILIEU,367.18,0.00,0.00,367.18,july23
J.B.CHEMICALS &,230.75,91.69,0.00,296.71,july23
MANEESH HEALTHC,57.76,0.00,0.00,57.76,july23
CADIA PHARMACEU,8.90,0.00,0.00,8.90,july23
BTL PHARMA,9.50,0.00,0.00,9.50,july23
ABILASH PHARMA,98.54,0.00,0.00,98.54,july23
Dr.REDDY'S AQUR,274.80,0.00,0.00,274.80,july23
SUN-SPECTRA,0.00,"1,192.02",0.00,"1,192.02",july23
RPG LIFE SCIENC,0.00,117.11,0.00,117.13,july23
BIOCHEM PHARMAC,8.06,0.00,0.00,8.06,july23
MED MANOR ORGAN,"1,286.35",0.00,0.00,"1,286.35",july23
COMMONWEALTH LA,422.45,0.00,0.00,422.45,july23
PHARMACIA & UPJ,420.67,0.00,0.00,420.67,july23
PROCTER & GAMBL,158.55,0.00,0.00,158.55,july23
FRANCO-INDIAN,396.63,0.00,0.00,396.63,july23
RANBAXY,902.72,0.00,0.00,902.72,july23
MEYER,573.59,0.00,0.00,467.19,july23
ZYDUS ALIDAC,0.00,462.60,0.00,462.60,july23
WALTER BUSHNELL,309.90,0.00,0.00,309.90,july23
MEDLEY PHARMACE,47.21,0.00,0.00,47.21,july23
GERMAN REMEDIES,174.14,0.00,0.00,174.14,july23
AVENTIS PHARMA,13.31,0.00,0.00,13.31,july23
MERIND,91.12,0.00,0.00,91.12,july23
SMITHKLINE BEEC,14.32,0.00,0.00,14.32,july23
JAGSONPAL,50.01,0.00,0.00,50.01,july23
BAYER,65.78,0.00,0.00,65.78,july23
NOVARTIS,147.13,0.00,0.00,147.13,july23
ABBOTT LABORATO,408.45,0.00,0.00,408.45,july23
DIAGNO CURE,"12,681.33","15,637.11","23,686.01","14,757.73",jun23
BIOMAXX LIFE SC,"32,722.43","4,945.69","19,881.63","33,069.10",jun23
ELLORA PHARMA,"18,478.25","2,959.77","17,304.20","9,411.04",jun23
USV LIMITED,"6,504.21","8,082.03","10,235.33","6,576.49",jun23
"GENARIC,S","7,337.83","2,707.30","7,186.44","5,071.55",jun23
CUBIT HEALTHCAR,"1,575.98","7,256.37","6,739.80","3,927.48",jun23
INDICA LIFE SCI,"2,925.72","5,418.00","6,505.47","4,150.20",jun23
lyod health car,"4,101.67","5,229.71","6,358.32","3,912.06",jun23
DOCTORGOD HEALT,"4,587.30","4,567.52","4,585.25","10,151.95",jun23
IPCA LABORATORI,"5,997.45","4,508.25","4,538.05","6,535.96",jun23
MANKIND PHARMA,"9,444.60","2,136.18","3,912.20","8,556.32",jun23
REVIVAL PHARMA,"4,218.82",0.00,"3,815.19","1,661.08",jun23
CAD - SHRRISHTI,"5,215.58",0.00,"2,992.11","2,554.60",jun23
SUN-AZTEC,0.00,"3,016.05","2,943.00",532.83,jun23
MODI MUNDI PHAR,"1,984.02","2,480.02","2,913.90","1,984.01",jun23
SUN PHARMACEUTI,"4,156.11","3,781.63","2,875.33","5,515.66",jun23
ABBOTT INDIA LT,"5,235.75","2,764.30","2,832.07","5,652.13",jun23
JOHNSON & JOHNS,"1,449.55","2,608.74","2,376.60","2,111.93",jun23
CIPLA LTD,"1,605.45","1,715.31","2,257.44","1,506.36",jun23
BASIL LABORATRI,"6,593.85",588.67,"2,126.07","5,546.29",jun23
viva,"3,917.14","1,183.62","2,079.13","4,411.54",jun23
PULSE PHARMA PV,968.71,"2,075.81","2,067.34","1,591.45",jun23
ALKEM LABRATORI,"2,278.91","3,343.20","2,028.60","3,818.91",jun23
UNIQUE,"1,365.00","1,196.33","1,742.46","1,126.27",jun23
CAMLIN,"2,032.09","1,013.38","1,702.25","2,676.14",jun23
LIFE CARE LABS.,"3,483.37",0.00,"1,595.00","2,154.19",jun23
GENERA LABORATO,"6,655.92",623.84,"1,539.35","6,230.27",jun23
ZENMAXX LIFE SC,905.21,646.58,"1,500.00",905.21,jun23
ZYDUS CADILA,"1,499.26",991.98,"1,457.00","1,590.30",jun23
MSD PHARMACEUTI,"1,288.03","1,104.01","1,449.00","1,104.03",jun23
MICRO LABS LIMI,"1,491.00",589.98,"1,355.33",948.95,jun23
ERIS LIFE SCIEN,692.58,"1,141.27","1,305.15",744.27,jun23
ALKEM-BERGEN HE,646.06,"1,409.58","1,244.45","1,027.82",jun23
GLAXO SMITHKLIN,"2,218.47",880.20,"1,201.48","1,778.57",jun23
LUPIN LTD,"1,076.04","1,076.04","1,152.90","1,076.04",jun23
ASTRA LABS,"1,516.33",0.00,"1,110.90","1,133.71",jun23
SIGMA LAB,"1,232.83",280.01,"1,091.94",639.26,jun23
INDUS DURGS FOR,"1,348.26",756.00,"1,060.00","1,440.64",jun23
SYSTOPIC,680.35,432.36,"1,028.70",198.37,jun23
KINESIS PHARMAC,"1,815.62",651.18,987.00,"1,807.43",jun23
LATIN LABORATAR,"1,591.67",0.00,873.39,388.77,jun23
GLENMARK,"1,622.51","1,364.59",790.45,"2,025.07",jun23
XENO PHARMECITI,"3,628.80",0.00,790.00,"2,965.20",jun23
MERCK LIMITED,"1,027.00","1,146.51",781.91,"1,524.61",jun23
DR.REDDY'S LAB,"3,493.21",0.00,744.30,"2,831.61",jun23
SANOFI-AVENTIS,767.16,588.70,700.76,782.16,jun23
LIA LIFE SCIENC,195.20,924.72,633.00,608.02,jun23
UNICHEM,0.00,"1,499.50",624.81,999.67,jun23
LUPIN,525.57,0.00,624.15,0.00,jun23
filis pharmaceu,0.00,"1,355.94",592.00,"1,491.53",jun23
MMC LABORATORIE,45.60,911.98,570.00,501.59,jun23
DABUR,578.00,295.41,537.80,443.12,jun23
OLYMPUS THERAPE,"2,087.74",0.00,482.71,"1,671.97",jun23
BLUE CROSS LABO,"1,106.35",0.00,393.00,791.97,jun23
INTAS GENERIC,388.68,508.03,372.51,598.73,jun23
CIPLA GENERIC,"1,014.89",0.00,334.86,799.85,jun23
SERDIA,738.61,527.58,329.73,"1,002.40",jun23
SERUM INTERNATI,703.44,0.00,327.84,437.03,jun23
NOVO NORDISK,589.60,0.00,315.86,294.80,jun23
SYMPHONY ANNANA,987.08,0.00,315.00,735.07,jun23
PFIZER,"2,323.42",228.89,303.27,"2,288.41",jun23
MANKIND GENRIC,578.94,0.00,281.94,353.40,jun23
AZIAN FORMULATI,723.79,0.00,269.29,487.41,jun23
ELDER GENERICS,0.00,856.80,266.40,776.16,jun23
CHILD'S PRODUCT,448.00,0.00,252.00,224.00,jun23
ORDAIN HEALTH C,0.00,398.80,246.25,201.80,jun23
SHIELD,115.20,230.40,240.00,153.60,jun23
ABBOTT LABORATO,389.97,204.18,232.12,408.45,jun23
APEX LABORATOR,129.08,419.95,227.50,358.63,jun23
WIN-MEDICARE,359.99,0.00,210.00,191.99,jun23
BIOCHEM PHARMAC,43.01,0.00,205.66,8.06,jun23
ESMATRIX,750.96,378.00,180.00,"1,142.44",jun23
CAPITAL PHARMA,"1,378.67",0.00,172.80,"1,234.67",jun23
IPCA-3C DIVISON,874.14,213.68,148.26,963.52,jun23
MEPRO SPECIALIT,120.96,0.00,142.20,0.00,jun23
INTAS PHARMACEU,0.00,0.00,136.35,0.00,jun23
MED MANOR ORGAN,"1,393.54",0.00,134.00,"1,286.35",jun23
ACUMEN PHARMA,99.21,572.43,126.00,679.22,jun23
GLAXO INDIA LIM,211.25,143.92,99.22,273.07,jun23
OZONE-PHARMACUT,227.00,0.00,95.78,141.88,jun23
VIRCHOW BIOTECH,74.40,163.21,93.00,163.21,jun23
WOCKHARDT,213.29,0.00,76.71,213.29,jun23
STANCHEM LIFE S,115.05,0.00,70.00,54.73,jun23
DUPHAR-SOLVAY,105.60,0.00,58.63,58.71,jun23
ABILASH PHARMA,141.38,0.00,51.00,98.54,jun23
ARAVIND REMEDIE,207.76,0.00,49.00,166.21,jun23
ALEMBIC,"1,020.05",0.00,37.50,990.04,jun23
WYETH,319.12,0.00,25.79,296.89,jun23
GERMAN REMEDIES,192.06,0.00,22.40,174.14,jun23
juggat pharama,241.88,0.00,0.00,241.88,jun23
microtech,896.00,0.00,0.00,896.00,jun23
CORONA REMEDIES,477.62,0.00,0.00,477.62,jun23
RAMSONS SURGICA,392.00,0.00,0.00,392.00,jun23
HEALTH INDIA FO,112.00,0.00,0.00,112.00,jun23
SVIZERA HEALTH,409.05,0.00,0.00,409.05,jun23
GLENMARK MILIEU,367.18,0.00,0.00,367.18,jun23
J.B.CHEMICALS &,230.75,0.00,0.00,230.75,jun23
MANEESH HEALTHC,57.76,0.00,0.00,57.76,jun23
CADIA PHARMACEU,8.90,0.00,0.00,8.90,jun23
BTL PHARMA,9.50,0.00,0.00,9.50,jun23
Q-CHECK SPECILI,15.58,424.80,0.00,440.38,jun23
Dr.REDDY'S AQUR,274.80,0.00,0.00,274.80,jun23
ELDER HEALTHCAR,19.64,0.00,0.00,19.64,jun23
BE-LINE PHARMA,134.40,0.00,0.00,134.40,jun23
COMMONWEALTH LA,422.45,0.00,0.00,422.45,jun23
PHARMACIA & UPJ,420.67,0.00,0.00,420.67,jun23
PROCTER & GAMBL,158.55,0.00,0.00,158.55,jun23
FRANCO-INDIAN,396.63,0.00,0.00,396.63,jun23
RANBAXY,902.72,0.00,0.00,902.72,jun23
MEYER,786.39,0.00,0.00,573.59,jun23
STEDMAN PHARMAC,408.02,0.00,0.00,408.02,jun23
WALTER BUSHNELL,309.90,0.00,0.00,309.90,jun23
NICHOLAS-ROCHE,73.65,0.00,0.00,73.65,jun23
VERITAZ HEALTHC,3.70,0.00,0.00,3.70,jun23
WALLACE,797.59,0.00,0.00,797.59,jun23
MEDLEY PHARMACE,47.21,0.00,0.00,47.21,jun23
FDC PHARMACEUTI,327.78,0.00,0.00,327.78,jun23
BOEHRINGER MANN,157.60,176.20,0.00,333.80,jun23
AVENTIS PHARMA,13.31,0.00,0.00,13.31,jun23
MERIND,91.12,0.00,0.00,91.12,jun23
SMITHKLINE BEEC,14.32,0.00,0.00,14.32,jun23
JAGSONPAL,50.01,0.00,0.00,50.01,jun23
BAYER,65.78,0.00,0.00,65.78,jun23
JOHNSON & JOHNS,919.91,0.00,0.00,919.91,jun23
NOVARTIS,147.13,0.00,0.00,147.13,jun23
DIAGNO CURE,"18,267.50","12,886.06","20,495.48","17,071.06",mar24
USV LIMITED,"9,289.32","9,391.52","12,701.62","7,838.32",mar24
ELLORA PHARMA,"7,136.85","5,625.88","10,546.97","8,714.59",mar24
BIOMAXX LIFE SC,"19,350.19",0.00,"9,725.21","13,590.25",mar24
BASIL LABORATRI,"8,037.42","3,356.58","8,855.39","4,403.38",mar24
DOCTORGOD HEALT,"8,135.64","5,189.27","7,794.09","12,288.81",mar24
CUBIT HEALTHCAR,"3,554.09","4,142.76","7,062.00","1,849.98",mar24
IPCA LABORATORI,"7,105.71","4,989.04","5,848.68","7,012.52",mar24
SUN PHARMACEUTI,"6,941.99","5,211.58","5,639.36","7,315.19",mar24
JOHNSON & JOHNS,"4,202.02","4,174.24","5,152.00","4,809.17",mar24
REVIVAL PHARMA,"2,996.29","6,733.17","5,118.33","7,090.56",mar24
LEEFORD HEALT,"4,198.05",759.36,"5,075.10","3,582.10",mar24
KNOLL PHAMA,"2,384.70","3,588.48","4,919.82","3,602.19",mar24
HBC LIFESCIENCE,"8,216.22","4,065.71","4,431.92","8,445.15",mar24
lyod health car,"7,534.81",696.02,"4,427.71","4,638.23",mar24
GLENMARK,"2,054.73","4,210.16","4,005.31","2,936.85",mar24
INDICA LIFE SCI,"4,713.67","2,167.20","3,882.90","4,171.87",mar24
ABBOTT INDIA LT,"8,918.65","3,124.69","3,744.84","8,877.87",mar24
"GENARIC,S","8,615.21","2,413.90","3,681.64","8,109.63",mar24
ALKEM LABRATORI,"3,569.96","1,936.03","3,663.54","2,365.43",mar24
MANKIND PHARMA,"4,811.17","3,143.92","3,525.11","5,319.62",mar24
OLYMPUS THERAPE,"6,441.90",0.00,"3,432.96","3,503.99",mar24
ERIS LIFE SCIEN,"1,748.04","3,693.05","3,173.01","2,665.07",mar24
CAMLIN,"4,013.32",507.25,"3,072.10","2,490.94",mar24
viva,"14,415.25","1,195.69","2,947.60","14,246.83",mar24
GENERA LABORATO,"6,533.16",0.00,"2,851.05","4,077.70",mar24
ASTRA LABS,660.67,537.60,"2,421.30",434.21,mar24
ORSIM PHARMA,"4,662.08","2,801.68","2,250.00","8,213.74",mar24
ORINOVA,"2,172.69","2,155.44","2,225.00","4,435.89",mar24
DR.REDDY'S LAB,"4,162.38","2,115.53","2,146.75","4,445.21",mar24
MODI MUNDI PHAR,"2,175.93","1,632.03","2,141.93","1,903.93",mar24
UNIQUE,"1,752.28","1,447.01","2,023.83","1,536.04",mar24
SARABHAI CHEMIC,"3,903.46",0.00,"1,965.63","2,175.38",mar24
LIA LIFE SCIENC,"4,725.31","1,339.97","1,665.25","5,113.07",mar24
INDUS DURGS FOR,"1,680.90","1,335.60","1,620.00","2,323.48",mar24
ZYDUS CADILA,"3,755.98","1,029.75","1,412.36","3,854.25",mar24
LATIN LABORATAR,"2,680.29",0.00,"1,320.00","1,555.36",mar24
PFIZER,"4,112.67","1,490.59","1,319.31","3,926.37",mar24
filis pharmaceu,"1,410.17",813.56,"1,240.00","1,138.98",mar24
INTAS GENERIC,"1,423.38",545.01,"1,215.27","1,194.92",mar24
WIN-MEDICARE,"1,623.76","1,213.23","1,191.00","1,884.17",mar24
FDC PHARMACEUTI,"1,038.81","1,323.57","1,143.57","1,447.55",mar24
LUPIN LTD,"1,402.80","1,181.88","1,118.70","1,540.56",mar24
SARA ORGANICS,"3,548.04",0.00,"1,108.25","2,592.80",mar24
MED MANOR ORGAN,431.98,431.98,961.20,172.79,mar24
SANOFI-AVENTIS,"4,011.62",868.00,887.93,"4,151.65",mar24
GLAXO SMITHKLIN,"38,841.45",780.13,825.70,"2,305.27",mar24
XENO PHARMECITI,"1,559.88","1,810.20",814.01,"3,048.36",mar24
KINESIS PHARMAC,674.94,479.02,814.00,598.59,mar24
SYSTOPIC,"1,278.23",347.96,791.10,923.08,mar24
LUPIN,610.11,610.09,762.60,610.11,mar24
FRANCO-INDIAN,"1,098.06",814.63,654.09,"1,331.37",mar24
MICRO LABS LIMI,"4,113.87",658.42,648.89,"4,090.55",mar24
NOVO NORDISK,599.05,748.81,641.84,748.81,mar24
CAD - SHRRISHTI,"1,381.50",766.08,631.22,"1,816.53",mar24
ALEMBIC,"1,040.38",0.00,629.74,536.61,mar24
CAPITAL PHARMA,"1,248.38",0.00,611.20,739.05,mar24
ZENMAXX LIFE SC,"1,293.15",0.00,600.00,775.89,mar24
MERCK LIMITED,"1,711.41",591.49,596.45,"1,822.55",mar24
APEX LABORATOR,"1,109.78",176.01,572.83,827.48,mar24
ESMATRIX,427.56,"1,003.80",537.00,"1,181.04",mar24
DABUR,"1,033.78",0.00,535.34,590.73,mar24
WALLACE,958.72,957.62,509.88,"1,508.42",mar24
licco life scie,"1,137.57",0.00,507.00,704.21,mar24
MAXIMAA,710.36,0.00,480.00,307.18,mar24
MAAXMUS LIFE SC,662.45,0.00,476.10,273.62,mar24
SUN-AZTEC,547.24,0.00,456.00,182.41,mar24
ALKEM-BERGEN HE,137.85,"1,323.35",448.02,"1,102.80",mar24
SIGMA LAB,838.74,369.58,446.60,838.75,mar24
ALKEM GENERIC,262.36,0.00,420.00,104.94,mar24
MANKIND GENRIC,429.72,482.83,368.20,666.31,mar24
SERUM INTERNATI,851.06,0.00,349.44,567.37,mar24
JOHNSON & JOHNS,946.60,139.48,294.50,850.47,mar24
SYMPHONY ANNANA,153.99,153.99,288.75,107.79,mar24
CORONA REMEDIES,671.99,0.00,283.50,420.00,mar24
INFOOD INC,"3,305.05",0.00,270.00,"3,050.81",mar24
CIPLA LTD,"1,939.69",305.82,267.40,"1,744.38",mar24
ORDAIN HEALTH C,"1,977.40",201.80,252.26,"1,977.40",mar24
NICHOLAS-ROCHE,110.48,441.87,230.15,368.26,mar24
AVENTIS PHARMA,168.88,311.14,195.13,323.91,mar24
SHIELD,268.80,0.00,192.00,115.20,mar24
IPCA-3C DIVISON,632.62,375.27,174.60,852.69,mar24
BLUE CROSS LABO,"1,123.71",0.00,166.66,990.38,mar24
VIRCHOW BIOTECH,206.40,249.60,156.00,331.20,mar24
COMMONWEALTH LA,345.64,0.00,144.00,230.43,mar24
INTAS PHARMACEU,40.40,242.39,136.35,161.59,mar24
ASTRAZENECA,"1,126.44",118.44,126.90,"1,126.44",mar24
OZONE-PHARMACUT,380.23,0.00,108.78,285.64,mar24
PROCTER & GAMBL,554.91,0.00,99.10,475.64,mar24
BE-LINE PHARMA,394.80,0.00,98.00,310.80,mar24
ACUMEN PHARMA,186.97,0.00,90.00,110.66,mar24
GLAXO INDIA LIM,536.08,0.00,88.20,465.52,mar24
WOCKHARDT,381.57,0.00,79.89,317.66,mar24
CADILA PHARMACE,440.57,0.00,65.91,381.97,mar24
AZIAN FORMULATI,121.91,0.00,53.84,70.30,mar24
BOEHRINGER MANN,332.43,0.00,34.95,303.06,mar24
juggat pharama,155.49,432.32,18.00,703.04,mar24
PULSE PHARMA PV,124.54,0.00,17.30,110.71,mar24
microtech,896.00,0.00,0.00,896.00,mar24
STANCHEM LIFE S,15.09,0.00,0.00,15.09,mar24
KOYE PHARAMACEU,34.81,0.00,0.00,34.81,mar24
SVIZERA HEALTH,409.05,0.00,0.00,409.05,mar24
GUARDEVER LIFE,449.76,0.00,0.00,449.76,mar24
PIRAMAL HEALTHC,83.63,0.00,0.00,83.63,mar24
LIFE CARE LABS.,45.83,0.00,0.00,45.83,mar24
J.B.CHEMICALS &,397.74,0.00,0.00,397.74,mar24
MANEESH HEALTHC,57.76,0.00,0.00,57.76,mar24
ELDER GENERICS,467.04,0.00,0.00,467.04,mar24
BTL PHARMA,9.50,0.00,0.00,9.50,mar24
Q-CHECK SPECILI,"1,869.10",0.00,0.00,"1,869.10",mar24
ROYAL DRUG CORP,600.00,0.00,0.00,600.00,mar24
Dr.REDDY'S AQUR,137.40,0.00,0.00,137.40,mar24
SUN-SPECTRA,"1,192.02",0.00,0.00,"1,192.02",mar24
CIPLA GENERIC,15.96,0.00,0.00,15.96,mar24
BIOCHEM PHARMAC,8.06,0.00,0.00,8.06,mar24
CHILD'S PRODUCT,448.00,0.00,0.00,448.00,mar24
OSCAR,130.40,0.00,0.00,130.40,mar24
MMC LABORATORIE,455.99,0.00,0.00,455.99,mar24
PHARMACIA & UPJ,121.99,0.00,0.00,121.99,mar24
SUNWAY'S,112.00,0.00,0.00,112.00,mar24
SARABHAI-PIRAMA,99.46,0.00,0.00,99.46,mar24
RANBAXY,973.82,900.01,0.00,"1,873.83",mar24
WALTER BUSHNELL,432.70,0.00,0.00,432.70,mar24
WYETH,70.29,0.00,0.00,70.29,mar24
MEDLEY PHARMACE,47.21,0.00,0.00,47.21,mar24
SUN-NATCO,122.00,0.00,0.00,122.00,mar24
SERDIA,"1,118.45",0.00,0.00,"1,118.45",mar24
DUPHAR-SOLVAY,420.50,0.00,0.00,420.50,mar24
GRANDIX,103.20,0.00,0.00,103.20,mar24
GERMAN REMEDIES,50.18,0.00,0.00,50.18,mar24
MERIND,42.53,0.00,0.00,42.53,mar24
SMITHKLINE BEEC,32.08,0.00,0.00,32.08,mar24
ARISTO PHARMACE,178.58,0.00,0.00,178.58,mar24
GENETICA,387.07,0.00,0.00,387.07,mar24
JAGSONPAL,291.60,0.00,0.00,291.60,mar24
UNICHEM,539.32,0.00,0.00,539.32,mar24
NOVARTIS,329.27,0.00,0.00,329.27,mar24
ABBOTT LABORATO,575.66,0.00,0.00,575.66,mar24
BIOMAXX LIFE SC,"30,642.60","8,437.12","18,429.52","32,722.43",may24
DIAGNO CURE,"11,863.33","11,731.11","18,129.92","12,681.33",may24
ELLORA PHARMA,"11,002.08","9,983.18","14,112.10","18,478.25",may24
CUBIT HEALTHCAR,"2,849.37","5,179.75","7,932.00","1,575.98",may24
USV LIMITED,"4,818.20","8,542.47","7,807.86","6,504.21",may24
"GENARIC,S","7,421.24","4,397.00","7,079.67","7,337.83",may24
lyod health car,"4,910.25","4,996.45","6,672.41","4,101.67",may24
INDICA LIFE SCI,"2,654.83","3,250.80","4,250.55","2,925.72",may24
DOCTORGOD HEALT,"7,731.98",0.00,"3,984.05","4,587.30",may24
CAD - SHRRISHTI,"4,092.63","3,501.57","3,804.43","5,215.58",may24
MANKIND PHARMA,"5,583.19","5,287.67","3,755.62","9,444.60",may24
ABBOTT INDIA LT,"3,910.75","4,461.80","3,721.68","5,235.75",may24
IPCA LABORATORI,"6,022.33","3,140.90","3,615.86","5,997.45",may24
ALKEM LABRATORI,"2,455.55","2,915.18","3,585.49","2,278.91",may24
REVIVAL PHARMA,"4,072.91","2,533.85","3,382.99","4,218.82",may24
BASIL LABORATRI,"5,218.58","2,823.15","3,119.00","6,593.85",may24
OLYMPUS THERAPE,"2,887.38","1,598.46","3,066.41","2,087.74",may24
CAMLIN,"2,339.50",980.00,"2,768.70","2,032.09",may24
SUN PHARMACEUTI,"4,226.75","2,117.48","2,582.09","4,156.11",may24
JOHNSON & JOHNS,"1,816.75","1,031.97","2,007.00","1,449.55",may24
viva,"2,155.70","1,473.60","1,818.56","3,917.14",may24
UNIQUE,"1,074.73","1,719.74","1,720.81","1,365.00",may24
MODI MUNDI PHAR,"2,480.02",992.01,"1,673.94","1,984.02",may24
SANOFI-AVENTIS,498.70,"1,529.34","1,655.55",767.16,may24
GLENMARK,"1,685.24","1,352.49","1,592.16","1,622.51",may24
ASTRA LABS,"1,283.75",761.60,"1,488.10","1,516.33",may24
ZENMAXX LIFE SC,775.89,646.58,"1,350.00",905.21,may24
GENERA LABORATO,"4,447.09","2,206.32","1,281.20","6,655.92",may24
MSD PHARMACEUTI,736.01,"1,656.01","1,242.00","1,288.03",may24
CAPITAL PHARMA,"2,423.00",0.00,"1,197.42","1,378.67",may24
LUPIN LTD,"1,076.04","1,076.04","1,152.90","1,076.04",may24
MMC LABORATORIE,957.57,0.00,"1,083.00",45.60,may24
CIPLA LTD,719.33,"1,737.75",960.71,"1,605.45",may24
ZYDUS CADILA,940.23,991.98,942.40,"1,499.26",may24
BIOCHEM PHARMAC,204.29,0.00,936.54,43.01,may24
SYMPHONY ANNANA,600.71,840.04,866.25,987.08,may24
LATIN LABORATAR,"1,216.69",749.95,840.00,"1,591.67",may24
XENO PHARMECITI,"1,132.32","2,907.24",790.00,"3,628.80",may24
DABUR,404.64,738.53,706.40,578.00,may24
GLAXO SMITHKLIN,"1,879.18",897.60,667.98,"2,218.47",may24
KINESIS PHARMAC,"2,368.42",0.00,661.40,"1,815.62",may24
LIFE CARE LABS.,"1,283.34","2,291.69",660.00,"3,483.37",may24
SIGMA LAB,"1,082.23",672.04,651.80,"1,232.83",may24
ALKEM-BERGEN HE,704.79,469.86,613.05,646.06,may24
WALLACE,"1,047.98",250.40,594.70,797.59,may24
ERIS LIFE SCIEN,469.50,686.97,579.85,692.58,may24
INDUS DURGS FOR,"1,810.27",0.00,550.00,"1,348.26",may24
SYSTOPIC,390.02,751.11,537.00,680.35,may24
APEX LABORATOR,334.89,167.98,456.82,129.08,may24
PFIZER,"2,520.68",193.77,451.68,"2,323.42",may24
ZYDUS MEDICA,0.00,359.99,450.00,0.00,may24
ESMATRIX,375.48,625.80,432.10,750.96,may24
MED MANOR ORGAN,535.98,"1,071.95",402.00,"1,393.54",may24
ARISTO PHARMACE,0.00,300.01,375.00,0.00,may24
MICRO LABS LIMI,"1,266.96",845.84,372.50,"1,491.00",may24
LUPIN,0.00,788.39,295.65,525.57,may24
INTAS GENERIC,297.99,323.90,291.53,388.68,may24
MANKIND GENRIC,328.28,430.98,279.30,578.94,may24
AZIAN FORMULATI,564.54,193.54,248.05,723.79,may24
ORDAIN HEALTH C,192.20,0.00,240.24,0.00,may24
ABBOTT LABORATO,389.97,185.70,232.12,389.97,may24
IPCA-3C DIVISON,667.18,411.20,229.80,874.14,may24
CIPLA GENERIC,"1,157.69",0.00,219.11,"1,014.89",may24
JOHNSON & JOHNS,"1,096.16",0.00,214.70,919.91,may24
MEPRO SPECIALIT,302.40,0.00,213.30,120.96,may24
GLAXO INDIA LIM,365.31,0.00,184.92,211.25,may24
SERDIA,896.88,0.00,178.06,738.61,may24
SERUM INTERNATI,836.65,0.00,163.92,703.44,may24
Q-CHECK SPECILI,157.18,0.00,159.30,15.58,may24
NOVO NORDISK,147.40,589.60,157.93,589.60,may24
SHIELD,0.00,230.40,144.00,115.20,may24
OZONE-PHARMACUT,172.14,170.25,134.80,227.00,may24
WOCKHARDT,315.55,0.00,127.85,213.29,may24
JAGSONPAL,150.01,0.00,125.00,50.01,may24
MERCK LIMITED,867.79,265.06,121.33,"1,027.00",may24
KNOLL PHAMA,0.00,98.91,111.24,0.00,may24
ACUMEN PHARMA,76.32,114.49,108.00,99.21,may24
ABILASH PHARMA,231.34,0.00,107.10,141.38,may24
PROCTER & GAMBL,237.82,0.00,99.10,158.55,may24
BE-LINE PHARMA,218.40,0.00,98.00,134.40,may24
VIRCHOW BIOTECH,148.80,0.00,93.00,74.40,may24
NICHOLAS-ROCHE,147.30,0.00,92.06,73.65,may24
GUARDEVER LIFE,77.93,0.00,92.00,0.00,may24
STANCHEM LIFE S,192.62,0.00,90.00,115.05,may24
WYETH,207.54,189.26,83.28,319.12,may24
MANEESH HEALTHC,115.52,0.00,67.00,57.76,may24
MEDLEY PHARMACE,84.96,0.00,47.20,47.21,may24
INTAS PHARMACEU,0.00,0.00,45.46,0.00,may24
BOEHRINGER MANN,108.65,88.10,44.85,157.60,may24
DR.REDDY'S LAB,"2,816.17",709.18,40.20,"3,493.21",may24
GERMAN REMEDIES,218.94,0.00,33.60,192.06,may24
WIN-MEDICARE,381.83,0.00,27.30,359.99,may24
juggat pharama,241.88,0.00,0.00,241.88,may24
microtech,896.00,0.00,0.00,896.00,may24
CORONA REMEDIES,477.62,0.00,0.00,477.62,may24
RAMSONS SURGICA,392.00,0.00,0.00,392.00,may24
HEALTH INDIA FO,112.00,0.00,0.00,112.00,may24
SVIZERA HEALTH,409.05,0.00,0.00,409.05,may24
LIA LIFE SCIENC,195.20,0.00,0.00,195.20,may24
GLENMARK MILIEU,367.18,0.00,0.00,367.18,may24
J.B.CHEMICALS &,230.75,0.00,0.00,230.75,may24
ICON LIFE SCIEN,0.00,465.60,0.00,0.00,may24
CADIA PHARMACEU,8.90,0.00,0.00,8.90,may24
BTL PHARMA,9.50,0.00,0.00,9.50,may24
PULSE PHARMA PV,0.00,968.71,0.00,968.71,may24
Dr.REDDY'S AQUR,274.80,0.00,0.00,274.80,may24
ELDER HEALTHCAR,19.64,0.00,0.00,19.64,may24
CHILD'S PRODUCT,448.00,0.00,0.00,448.00,may24
COMMONWEALTH LA,422.45,0.00,0.00,422.45,may24
PHARMACIA & UPJ,420.67,0.00,0.00,420.67,may24
FRANCO-INDIAN,396.63,0.00,0.00,396.63,may24
RANBAXY,902.72,0.00,0.00,902.72,may24
MEYER,786.39,0.00,0.00,786.39,may24
STEDMAN PHARMAC,408.02,0.00,0.00,408.02,may24
WALTER BUSHNELL,309.90,0.00,0.00,309.90,may24
VERITAZ HEALTHC,3.70,0.00,0.00,3.70,may24
ARAVIND REMEDIE,207.76,0.00,0.00,207.76,may24
FDC PHARMACEUTI,327.78,0.00,0.00,327.78,may24
DUPHAR-SOLVAY,105.60,0.00,0.00,105.60,may24
AVENTIS PHARMA,13.31,0.00,0.00,13.31,may24
MERIND,91.12,0.00,0.00,91.12,may24
SMITHKLINE BEEC,14.32,0.00,0.00,14.32,may24
BAYER,65.78,0.00,0.00,65.78,may24
ALEMBIC,"1,020.05",0.00,0.00,"1,020.05",may24
BLUE CROSS LABO,314.40,712.76,0.00,"1,106.35",may24
NOVARTIS,147.13,0.00,0.00,147.13,may24
DIAGNO CURE,"21,886.81","9,979.66","21,241.22","16,811.96",nov23
BIOMAXX LIFE SC,"20,113.62","10,222.28","16,249.93","22,224.98",nov23
ELLORA PHARMA,"13,534.52","5,035.52","14,593.90","10,995.33",nov23
USV LIMITED,"9,861.97","10,954.90","14,275.18","8,623.78",nov23
BASIL LABORATRI,"9,990.26","3,776.20","10,343.55","6,311.28",nov23
LIFE CARE LABS.,"4,491.71","6,875.07","9,075.00","5,179.22",nov23
CUBIT HEALTHCAR,"3,601.99","7,512.35","8,933.40","4,271.00",nov23
REVIVAL PHARMA,"4,164.96","5,445.32","8,485.27","3,694.00",nov23
"GENARIC,S","7,972.40","6,036.59","7,557.92","9,519.76",nov23
GENERA LABORATO,"7,852.46","3,720.77","6,409.00","7,946.14",nov23
IPCA LABORATORI,"5,688.48","5,722.07","5,932.99","6,688.47",nov23
DOCTORGOD HEALT,"5,661.18","4,148.75","5,857.67","8,248.81",nov23
SARABHAI CHEMIC,"1,727.54","3,554.66","5,309.91","2,455.31",nov23
lyod health car,"11,366.39","11,499.63","5,228.70","18,257.28",nov23
INDICA LIFE SCI,"4,854.53","3,250.80","4,983.27","4,518.62",nov23
NESTLE FORMULAT,0.00,"4,422.03","4,770.00",0.00,nov23
ABBOTT INDIA LT,"5,916.86","5,885.73","4,588.62","8,224.17",nov23
SUN PHARMACEUTI,"6,738.48","5,294.44","4,395.36","8,291.21",nov23
ALKEM LABRATORI,"4,818.03","3,628.80","4,265.13","4,796.16",nov23
viva,"6,632.57","3,949.85","3,565.40","11,434.28",nov23
JOHNSON & JOHNS,"1,668.88","3,568.43","3,294.00","3,257.35",nov23
OLYMPUS THERAPE,"8,024.58",879.99,"3,258.18","6,339.27",nov23
MANKIND PHARMA,"6,433.77","1,017.63","2,835.99","5,023.18",nov23
LEEFORD HEALT,"1,545.99","2,856.00","2,830.76","3,562.00",nov23
GLENMARK,"2,105.06","2,242.39","2,807.96","1,956.39",nov23
XENO PHARMECITI,"3,988.32","2,053.80","2,800.99","3,631.32",nov23
ORINOVA,"4,461.77",0.00,"2,590.00","2,047.68",nov23
DABUR,147.68,"2,953.66","2,565.94","1,329.15",nov23
DR.REDDY'S LAB,"5,167.28","2,412.91","2,316.73","4,240.71",nov23
ERIS LIFE SCIEN,"1,500.71","1,396.08","2,268.63","1,035.35",nov23
MODI MUNDI PHAR,"2,232.00","2,528.02","2,231.92","2,775.99",nov23
ZYDUS CADILA,"4,654.97",0.00,"2,070.86","2,992.35",nov23
SANOFI-AVENTIS,"4,178.84","2,305.91","1,989.78","4,915.64",nov23
UNIQUE,"1,992.77","1,328.85","1,956.61","1,684.62",nov23
INDUS DURGS FOR,"1,373.40","1,209.66","1,901.10","1,103.80",nov23
MICRO LABS LIMI,"2,939.11","2,941.75","1,745.49","4,450.86",nov23
ORSIM PHARMA,"3,037.09","1,724.13","1,705.00","4,948.28",nov23
BE-LINE PHARMA,498.96,945.00,"1,569.00",252.00,nov23
LIA LIFE SCIENC,"3,966.57",925.96,"1,510.42","3,947.11",nov23
APEX LABORATOR,"1,072.30","1,190.84","1,466.08","1,092.07",nov23
PFIZER,"3,062.15","1,427.81","1,432.02","3,273.74",nov23
CAMLIN,"2,040.86",445.54,"1,376.00","1,816.44",nov23
MAAXMUS LIFE SC,914.46,"1,040.02","1,358.60","1,079.24",nov23
MERCK LIMITED,"1,880.91","1,302.40","1,339.34","2,068.55",nov23
CAD - SHRRISHTI,"2,162.60",766.08,"1,291.74","2,031.28",nov23
WIN-MEDICARE,"1,195.03",914.01,"1,156.52","1,179.53",nov23
LUPIN LTD,"1,076.04","1,434.72","1,152.90","1,434.72",nov23
ALEMBIC,"1,193.25",700.03,"1,150.00","1,073.25",nov23
HBC LIFESCIENCE,"4,653.70","1,448.05","1,146.37","5,387.35",nov23
KINESIS PHARMAC,"2,036.49",651.18,"1,139.60","1,906.26",nov23
CAPITAL PHARMA,"1,988.29",665.84,"1,093.32","1,796.29",nov23
ORDAIN HEALTH C,771.95,"2,133.49",989.25,"2,276.94",nov23
filis pharmaceu,"2,223.74",0.00,960.00,"1,410.17",nov23
ASTRA LABS,"1,117.63",0.00,855.00,875.71,nov23
GLAXO SMITHKLIN,"26,081.20",781.09,825.44,"62,458.78",nov23
SYSTOPIC,"1,216.76",661.92,802.10,"1,183.52",nov23
WALLACE,"1,024.47",250.40,797.00,637.28,nov23
LUPIN,610.11,610.09,762.60,610.11,nov23
KNOLL PHAMA,291.20,110.75,752.40,110.77,nov23
INTAS GENERIC,"1,353.65",711.24,743.90,"1,469.77",nov23
ESMATRIX,"1,131.48",625.80,686.00,"1,306.20",nov23
RAMSONS SURGICA,392.00,0.00,660.00,0.00,nov23
ZENMAXX LIFE SC,"1,293.15",0.00,600.00,775.89,nov23
LATIN LABORATAR,"2,180.32",0.00,600.00,"1,680.35",nov23
Q-CHECK SPECILI,545.16,778.79,584.10,"1,012.43",nov23
ALBERT DAVID,0.00,268.80,336.00,0.00,nov23
licco life scie,"1,002.15",0.00,318.50,731.30,nov23
NOVO NORDISK,147.40,589.60,315.86,442.20,nov23
UNICHEM,521.83,267.40,312.41,539.32,nov23
SHIELD,0.00,383.99,307.20,115.20,nov23
BLUE CROSS LABO,"1,413.82",0.00,305.76,"1,161.31",nov23
PROCTER & GAMBL,554.92,0.00,287.39,317.09,nov23
ABBOTT LABORATO,779.93,0.00,255.33,575.66,nov23
MANKIND GENRIC,729.37,0.00,231.64,544.05,nov23
INTAS PHARMACEU,202.00,242.39,227.25,242.39,nov23
CIPLA LTD,"3,325.14",417.38,195.10,"3,575.78",nov23
AVENTIS PHARMA,154.71,141.46,176.82,154.77,nov23
OZONE-PHARMACUT,429.41,0.00,169.10,287.54,nov23
OSCAR,0.00,260.80,163.00,130.40,nov23
WYETH,294.45,0.00,155.97,148.77,nov23
GLENMARK MILIEU,183.59,183.59,153.00,244.79,nov23
WOCKHARDT,338.96,127.84,151.79,338.96,nov23
ROYAL DRUG CORP,120.00,0.00,140.00,0.00,nov23
FDC PHARMACEUTI,585.36,609.18,129.31,"1,110.57",nov23
PIRAMAL HEALTHC,167.26,0.00,87.30,83.63,nov23
JOHNSON & JOHNS,876.87,278.97,80.90,"1,086.07",nov23
KOYE PHARAMACEU,180.98,0.00,74.52,118.34,nov23
CADILA PHARMACE,234.40,117.20,73.23,293.00,nov23
SIGMA LAB,"1,381.21",0.00,70.02,"1,325.20",nov23
ALKEM-BERGEN HE,496.26,0.00,62.03,441.12,nov23
GLAXO INDIA LIM,544.40,183.20,55.65,682.24,nov23
NOVARTIS,304.53,0.00,35.41,273.05,nov23
CIPLA GENERIC,45.19,0.00,33.27,19.99,nov23
BOEHRINGER MANN,255.78,196.36,31.45,422.77,nov23
DUPHAR-SOLVAY,527.70,0.00,16.75,514.30,nov23
MERIND,157.75,0.00,10.12,149.66,nov23
NOEL,123.82,0.00,0.00,123.82,nov23
INFOOD INC,"1,525.41",0.00,0.00,"1,525.41",nov23
juggat pharama,241.88,0.00,0.00,241.88,nov23
microtech,896.00,0.00,0.00,896.00,nov23
STANCHEM LIFE S,135.73,0.00,0.00,135.73,nov23
CORONA REMEDIES,671.99,0.00,0.00,671.99,nov23
VIRCHOW BIOTECH,206.40,0.00,0.00,206.40,nov23
SVIZERA HEALTH,409.05,0.00,0.00,409.05,nov23
AZIAN FORMULATI,192.88,0.00,0.00,192.88,nov23
J.B.CHEMICALS &,290.19,0.00,0.00,290.19,nov23
MANEESH HEALTHC,57.76,0.00,0.00,57.76,nov23
ELDER GENERICS,554.40,0.00,0.00,554.40,nov23
ASTRAZENECA,"1,008.00",0.00,0.00,"1,008.00",nov23
CADIA PHARMACEU,8.90,0.00,0.00,8.90,nov23
BTL PHARMA,9.50,0.00,0.00,9.50,nov23
ELDER-ELLIFE PH,0.00,219.61,0.00,219.61,nov23
PULSE PHARMA PV,55.35,0.00,0.00,55.35,nov23
Dr.REDDY'S AQUR,137.40,0.00,0.00,137.40,nov23
SUN-SPECTRA,"1,192.02",0.00,0.00,"1,192.02",nov23
IPCA-3C DIVISON,969.39,0.00,0.00,969.39,nov23
SYMPHONY ANNANA,184.79,0.00,0.00,184.79,nov23
BIOCHEM PHARMAC,8.06,0.00,0.00,8.06,nov23
ACUMEN PHARMA,385.40,0.00,0.00,385.40,nov23
CHILD'S PRODUCT,448.00,0.00,0.00,448.00,nov23
COMMONWEALTH LA,230.43,0.00,0.00,230.43,nov23
MMC LABORATORIE,455.99,0.00,0.00,455.99,nov23
PHARMACIA & UPJ,147.23,0.00,0.00,147.23,nov23
SUNWAY'S,112.00,0.00,0.00,112.00,nov23
FRANCO-INDIAN,396.63,0.00,0.00,396.63,nov23
RANBAXY,"1,100.64",291.20,0.00,"1,304.48",nov23
WALTER BUSHNELL,30.99,0.00,0.00,30.99,nov23
NICHOLAS-ROCHE,110.48,147.29,0.00,257.78,nov23
MEDLEY PHARMACE,47.21,0.00,0.00,47.21,nov23
SUN-NATCO,122.00,0.00,0.00,122.00,nov23
SUN-AZTEC,243.22,0.00,0.00,243.22,nov23
SERDIA,"1,118.45",0.00,0.00,"1,118.45",nov23
GRANDIX,103.20,0.00,0.00,103.20,nov23
GERMAN REMEDIES,192.06,0.00,0.00,192.06,nov23
SMITHKLINE BEEC,16.04,0.00,0.00,16.04,nov23
ARISTO PHARMACE,178.58,0.00,0.00,178.58,nov23
GENETICA,435.45,0.00,0.00,435.45,nov23
JAGSONPAL,324.00,0.00,0.00,324.00,nov23
BAYER,65.78,0.00,0.00,65.78,nov23
SERUM INTERNATI,"1,276.58",0.00,0.00,"1,276.58",nov23
DIAGNO CURE,"15,038.38","15,039.24","17,155.35","21,886.81",oct23
BIOMAXX LIFE SC,"25,230.55","2,749.55","14,275.47","20,113.62",oct23
USV LIMITED,"9,226.00","9,397.28","10,124.10","9,861.97",oct23
ELLORA PHARMA,"10,156.98","6,087.43","10,093.98","13,534.52",oct23
LIFE CARE LABS.,"3,025.03","6,875.07","8,800.00","4,491.71",oct23
BASIL LABORATRI,"7,733.21","5,336.97","8,299.57","9,990.26",oct23
CUBIT HEALTHCAR,"3,231.15","6,743.65","8,141.70","3,601.99",oct23
"GENARIC,S","7,495.17","5,138.73","7,057.59","7,972.40",oct23
REVIVAL PHARMA,"4,193.52","4,645.60","6,777.42","4,164.96",oct23
IPCA LABORATORI,"6,903.77","3,268.09","5,228.09","5,688.48",oct23
lyod health car,"12,281.96","3,607.37","5,190.33","11,366.39",oct23
HBC LIFESCIENCE,"5,172.21","2,896.10","4,541.31","4,653.70",oct23
INDICA LIFE SCI,"4,691.99","3,250.80","4,418.25","4,854.53",oct23
GENERA LABORATO,"7,603.84","2,712.65","4,381.35","7,852.46",oct23
CIPLA LTD,"1,879.17","2,749.59","3,670.40","3,325.14",oct23
SARABHAI CHEMIC,"1,453.02","2,261.73","3,611.89","1,727.54",oct23
DOCTORGOD HEALT,"2,659.65","2,915.24","3,517.25","5,661.18",oct23
ALKEM LABRATORI,"3,950.54","4,468.80","3,491.22","4,818.03",oct23
JOHNSON & JOHNS,"1,708.62","2,231.94","3,378.90","1,668.88",oct23
OLYMPUS THERAPE,"10,652.91",0.00,"3,124.65","8,024.58",oct23
ORINOVA,"2,940.02","2,155.44","3,007.00","4,461.77",oct23
ABBOTT INDIA LT,"6,258.05","2,036.85","2,859.46","5,916.86",oct23
SUN PHARMACEUTI,"5,581.11","3,926.31","2,839.08","6,738.48",oct23
CAMLIN,"1,076.28","1,581.22","2,696.85","2,040.86",oct23
ZYDUS CADILA,"3,776.33","2,489.98","2,479.19","4,654.97",oct23
DABUR,0.00,"1,919.88","2,362.88",147.68,oct23
MODI MUNDI PHAR,"2,480.01","1,736.00","2,355.92","2,232.00",oct23
LEEFORD HEALT,"1,917.77",336.00,"2,332.82","1,545.99",oct23
viva,"6,359.34","1,064.65","2,126.30","6,632.57",oct23
UNIQUE,"1,888.02","1,869.28","2,101.94","1,992.77",oct23
SANOFI-AVENTIS,"5,652.97","1,219.55","2,003.48","4,178.84",oct23
MANKIND PHARMA,"4,250.15","3,473.93","1,931.13","6,433.77",oct23
MICRO LABS LIMI,"2,460.42","1,907.99","1,766.14","2,939.11",oct23
CAPITAL PHARMA,781.30,"2,264.58","1,678.35","1,988.29",oct23
LIA LIFE SCIENC,"4,411.41",654.02,"1,645.20","3,966.57",oct23
ERIS LIFE SCIEN,"1,268.03","1,628.76","1,628.74","1,500.71",oct23
GLENMARK,"1,441.04","1,287.91","1,581.63","2,105.06",oct23
PFIZER,"2,334.81","2,018.31","1,573.55","3,062.15",oct23
KINESIS PHARMAC,"1,645.78","1,302.36","1,465.20","2,036.49",oct23
ROYAL DRUG CORP,600.00,480.00,"1,400.00",120.00,oct23
CAD - SHRRISHTI,"2,033.15","1,044.18","1,375.26","2,162.60",oct23
MAAXMUS LIFE SC,275.18,"1,440.10","1,355.60",914.46,oct23
ASTRA LABS,947.39,537.60,"1,301.70","1,117.63",oct23
LATIN LABORATAR,763.74,"1,249.92","1,300.00","2,180.32",oct23
ALEMBIC,"1,374.47",700.03,"1,287.50","1,193.25",oct23
KNOLL PHAMA,0.00,728.00,"1,212.20",291.20,oct23
DR.REDDY'S LAB,"4,798.00","1,362.03","1,200.01","5,167.28",oct23
INDUS DURGS FOR,"1,213.80",756.00,"1,142.00","1,373.40",oct23
GLAXO SMITHKLIN,"3,052.71",910.43,"1,061.14","26,081.20",oct23
MERCK LIMITED,"2,380.08",340.30,"1,018.25","1,880.91",oct23
INTAS GENERIC,"1,230.28",914.45,957.10,"1,353.65",oct23
ZENMAXX LIFE SC,"2,069.04",0.00,900.00,"1,293.15",oct23
WIN-MEDICARE,"1,180.23",674.02,824.00,"1,195.03",oct23
ORSIM PHARMA,"3,745.74",0.00,822.00,"3,037.09",oct23
PULSE PHARMA PV,124.54,621.60,785.80,55.35,oct23
licco life scie,"1,002.14",541.69,760.50,"1,002.15",oct23
WALLACE,877.27,736.00,723.75,"1,024.47",oct23
RANBAXY,"1,118.16",553.19,713.40,"1,100.64",oct23
NOVO NORDISK,442.20,294.80,631.72,147.40,oct23
XENO PHARMECITI,"2,341.92","1,810.20",625.99,"3,988.32",oct23
IPCA-3C DIVISON,888.97,610.95,607.21,969.39,oct23
SYSTOPIC,"1,131.17",620.75,602.10,"1,216.76",oct23
filis pharmaceu,284.75,"1,355.94",592.00,"2,223.74",oct23
CORONA REMEDIES,477.62,671.99,557.20,671.99,oct23
APEX LABORATOR,523.95,970.97,528.32,"1,072.30",oct23
BE-LINE PHARMA,940.80,0.00,526.00,498.96,oct23
MEYER,467.19,0.00,525.60,0.00,oct23
Q-CHECK SPECILI,934.55,0.00,486.75,545.16,oct23
FDC PHARMACEUTI,521.31,390.55,408.11,585.36,oct23
PROCTER & GAMBL,872.01,0.00,396.40,554.92,oct23
LUPIN LTD,0.00,"1,434.72",384.30,"1,076.04",oct23
MMC LABORATORIE,303.99,455.99,342.00,455.99,oct23
ORDAIN HEALTH C,100.90,915.40,305.43,771.95,oct23
INFOOD INC,"1,779.64",0.00,300.00,"1,525.41",oct23
NOEL,206.36,0.00,288.00,123.82,oct23
SHIELD,230.40,0.00,288.00,0.00,oct23
BLUE CROSS LABO,761.02,159.98,273.99,"1,413.82",oct23
ALKEM-BERGEN HE,716.82,0.00,261.90,496.26,oct23
WALTER BUSHNELL,216.93,0.00,232.43,30.99,oct23
MANKIND GENRIC,379.25,482.83,226.25,729.37,oct23
UNICHEM,688.44,0.00,208.27,521.83,oct23
H&H PHRAMA,0.00,176.15,198.18,0.00,oct23
ESMATRIX,829.08,378.00,180.00,"1,131.48",oct23
CADILA PHARMACE,0.00,351.60,146.46,234.40,oct23
NICHOLAS-ROCHE,220.95,0.00,138.09,110.48,oct23
WYETH,364.43,59.48,135.72,294.45,oct23
JAGSONPAL,108.00,324.00,135.00,324.00,oct23
GLAXO INDIA LIM,638.48,0.00,113.40,544.40,oct23
KOYE PHARAMACEU,264.51,0.00,99.36,180.98,oct23
OZONE-PHARMACUT,505.08,0.00,92.23,429.41,oct23
PIRAMAL HEALTHC,0.00,250.89,87.30,167.26,oct23
DUPHAR-SOLVAY,581.30,0.00,67.00,527.70,oct23
CIPLA GENERIC,93.91,0.00,64.32,45.19,oct23
BOEHRINGER MANN,314.51,0.00,62.91,255.78,oct23
ACUMEN PHARMA,431.19,0.00,54.00,385.40,oct23
JOHNSON & JOHNS,923.36,0.00,53.93,876.87,oct23
ARAVIND REMEDIE,41.55,0.00,49.00,0.00,oct23
SIGMA LAB,"1,409.22",0.00,35.01,"1,381.21",oct23
PHARMACIA & UPJ,172.48,0.00,31.55,147.23,oct23
SMITHKLINE BEEC,14.32,16.04,17.90,16.04,oct23
GERMAN REMEDIES,174.14,26.88,11.20,192.06,oct23
STANCHEM LIFE S,145.21,0.00,11.00,135.73,oct23
juggat pharama,241.88,0.00,0.00,241.88,oct23
microtech,896.00,0.00,0.00,896.00,oct23
RAMSONS SURGICA,392.00,0.00,0.00,392.00,oct23
VIRCHOW BIOTECH,81.60,124.80,0.00,206.40,oct23
SVIZERA HEALTH,409.05,0.00,0.00,409.05,oct23
AZIAN FORMULATI,192.88,0.00,0.00,192.88,oct23
GLENMARK MILIEU,183.59,0.00,0.00,183.59,oct23
LUPIN,0.00,610.09,0.00,610.11,oct23
J.B.CHEMICALS &,290.19,0.00,0.00,290.19,oct23
MANEESH HEALTHC,57.76,0.00,0.00,57.76,oct23
ELDER GENERICS,554.40,0.00,0.00,554.40,oct23
ASTRAZENECA,"1,008.00",0.00,0.00,"1,008.00",oct23
CADIA PHARMACEU,8.90,0.00,0.00,8.90,oct23
BTL PHARMA,9.50,0.00,0.00,9.50,oct23
ABILASH PHARMA,47.13,0.00,0.00,47.13,oct23
Dr.REDDY'S AQUR,137.40,0.00,0.00,137.40,oct23
SUN-SPECTRA,"1,192.02",0.00,0.00,"1,192.02",oct23
SYMPHONY ANNANA,184.79,0.00,0.00,184.79,oct23
BIOCHEM PHARMAC,8.06,0.00,0.00,8.06,oct23
CHILD'S PRODUCT,0.00,448.00,0.00,448.00,oct23
MED MANOR ORGAN,964.76,0.00,0.00,964.76,oct23
COMMONWEALTH LA,422.45,0.00,0.00,230.43,oct23
SUNWAY'S,112.00,0.00,0.00,112.00,oct23
FRANCO-INDIAN,396.63,0.00,0.00,396.63,oct23
MEDLEY PHARMACE,47.21,0.00,0.00,47.21,oct23
SUN-NATCO,0.00,122.00,0.00,122.00,oct23
SUN-AZTEC,243.22,0.00,0.00,243.22,oct23
SERDIA,"1,118.45",0.00,0.00,"1,118.45",oct23
GRANDIX,0.00,103.20,0.00,103.20,oct23
AVENTIS PHARMA,13.31,141.46,0.00,154.71,oct23
MERIND,157.75,0.00,0.00,157.75,oct23
GENETICA,435.45,0.00,0.00,435.45,oct23
BAYER,65.78,0.00,0.00,65.78,oct23
WOCKHARDT,338.96,0.00,0.00,338.96,oct23
SERUM INTERNATI,489.40,787.18,0.00,"1,276.58",oct23
NOVARTIS,304.53,0.00,0.00,304.53,oct23
ABBOTT LABORATO,408.45,371.48,0.00,779.93,oct23
INTAS PHARMACEU -45.45,161.60,0.00,202.00,,oct23
ARISTO PHARMACE -250.00,0.00,0.00,178.58,,oct23
DIAGNO CURE,"15,615.04","11,753.61","19,816.13","15,038.38",sep23
ELLORA PHARMA,"15,741.43","3,919.56","14,059.77","10,156.98",sep23
BIOMAXX LIFE SC,"22,889.77","4,506.68","13,721.08","25,230.55",sep23
USV LIMITED,"8,990.22","8,638.98","9,792.79","9,226.00",sep23
CUBIT HEALTHCAR,"2,141.92","7,256.36","7,989.00","3,231.15",sep23
lyod health car,"8,531.70","9,939.00","7,151.55","12,281.96",sep23
BASIL LABORATRI,"8,639.59","3,562.16","6,885.66","7,733.21",sep23
"GENARIC,S","8,254.41","4,526.95","6,594.22","7,495.17",sep23
INDICA LIFE SCI,"3,174.96","5,418.00","5,921.10","4,691.99",sep23
IPCA LABORATORI,"5,893.02","5,905.41","5,594.42","6,903.77",sep23
LEEFORD HEALT,"2,789.25",450.24,"4,378.10","1,917.77",sep23
REVIVAL PHARMA,"3,402.17","3,454.97","4,333.62","4,193.52",sep23
ALKEM LABRATORI,"4,526.16","2,990.40","4,203.43","3,950.54",sep23
SANOFI-AVENTIS,"4,237.49","4,509.42","3,924.00","5,652.97",sep23
LIFE CARE LABS.,"3,254.20","2,291.69","3,575.00","3,025.03",sep23
ORINOVA,"1,819.19","2,155.44","3,380.00","2,940.02",sep23
JOHNSON & JOHNS,"1,871.91","2,103.44","3,071.80","1,708.62",sep23
GLAXO SMITHKLIN,"2,911.46","2,222.31","2,998.75","3,052.71",sep23
SUN PHARMACEUTI,"6,612.74","1,570.08","2,904.92","5,581.11",sep23
viva,"6,221.37","1,330.16","2,899.40","6,359.34",sep23
DABUR,0.00,"2,054.76","2,725.31",0.00,sep23
ABBOTT INDIA LT,"5,710.89","2,874.12","2,708.23","6,258.05",sep23
LUPIN LTD,980.85,"1,434.72","2,635.20",0.00,sep23
ZYDUS CADILA,"1,490.57","3,772.62","2,528.01","3,776.33",sep23
GLENMARK,"1,416.24","2,175.70","2,524.50","1,441.04",sep23
CAMLIN,"1,105.20","1,013.38","2,496.90","1,076.28",sep23
UNIQUE,"1,281.10","2,691.13","2,462.95","1,888.02",sep23
GENERA LABORATO,"7,458.89","1,394.40","2,263.00","7,603.84",sep23
MANKIND PHARMA,"5,767.10",176.24,"2,116.51","4,250.15",sep23
HBC LIFESCIENCE,0.00,"5,665.75","1,829.92","5,172.21",sep23
DOCTORGOD HEALT,"2,864.93",674.52,"1,762.15","2,659.65",sep23
RANBAXY,"1,345.28","1,135.59","1,703.40","1,118.16",sep23
MODI MUNDI PHAR,"1,488.00","2,480.01","1,673.94","2,480.01",sep23
DR.REDDY'S LAB,"4,012.99","2,211.42","1,667.11","4,798.00",sep23
ALEMBIC,"1,213.26","1,312.49","1,612.50","1,374.47",sep23
MICRO LABS LIMI,"2,991.28",737.94,"1,444.62","2,460.42",sep23
SARABHAI CHEMIC,0.00,"1,776.42","1,405.70","1,453.02",sep23
WALLACE,896.31,"1,089.60","1,354.52",877.27,sep23
LATIN LABORATAR,138.78,749.95,"1,200.00",763.74,sep23
CAPITAL PHARMA,"2,066.17",0.00,"1,179.28",781.30,sep23
OLYMPUS THERAPE,"2,901.14","6,039.83","1,174.50","10,652.91",sep23
KINESIS PHARMAC,"1,776.02",651.18,"1,139.60","1,645.78",sep23
ERIS LIFE SCIEN,"1,209.63","1,035.35","1,105.23","1,268.03",sep23
licco life scie,"1,706.36",0.00,"1,092.00","1,002.14",sep23
PFIZER,"2,594.35",624.18,"1,062.38","2,334.81",sep23
LIA LIFE SCIENC,"3,805.84","1,079.39","1,059.15","4,411.41",sep23
CAD - SHRRISHTI,"1,735.90",948.42,"1,053.87","2,033.15",sep23
WIN-MEDICARE,"1,486.54",539.22,"1,051.52","1,180.23",sep23
ASTRA LABS,"1,245.76",0.00,"1,016.30",947.39,sep23
INDUS DURGS FOR,"2,037.00",0.00,971.00,"1,213.80",sep23
PULSE PHARMA PV,954.87,0.00,968.80,124.54,sep23
INTAS GENERIC,508.04,"1,506.06",966.17,"1,230.28",sep23
SIGMA LAB,"1,515.67",615.96,903.01,"1,409.22",sep23
MERCK LIMITED,931.32,"2,107.17",793.08,"2,380.08",sep23
filis pharmaceu,894.92,0.00,720.00,284.75,sep23
ORSIM PHARMA,"4,346.60",560.34,700.50,"3,745.74",sep23
SYSTOPIC,997.58,752.74,696.60,"1,131.17",sep23
SYMPHONY ANNANA,739.22,0.00,693.00,184.79,sep23
BLUE CROSS LABO,963.56,319.96,670.66,761.02,sep23
XENO PHARMECITI,"2,209.96",546.00,625.98,"2,341.92",sep23
CIPLA LTD,"2,319.38",27.44,584.55,"1,879.17",sep23
ZYDUS ALIDAC,462.60,0.00,578.25,0.00,sep23
BE-LINE PHARMA,819.84,302.40,568.80,940.80,sep23
MAAXMUS LIFE SC,703.96,0.00,528.00,275.18,sep23
ESMATRIX,529.20,625.80,507.20,829.08,sep23
CIPLA GENERIC,414.46,0.00,497.36,93.91,sep23
NOVO NORDISK,294.80,589.60,491.34,442.20,sep23
SERDIA,738.61,696.39,395.67,"1,118.45",sep23
APEX LABORATOR,307.83,464.07,355.00,523.95,sep23
Q-CHECK SPECILI,283.20,778.79,354.00,934.55,sep23
ALKEM-BERGEN HE,330.84,661.68,310.16,716.82,sep23
ZENMAXX LIFE SC,"1,034.52",646.58,300.00,"2,069.04",sep23
PHARMACIA & UPJ,395.42,0.00,278.73,172.48,sep23
NICHOLAS-ROCHE,0.00,441.87,276.18,220.95,sep23
MED MANOR ORGAN,"1,179.15",0.00,268.00,964.76,sep23
ORDAIN HEALTH C,302.70,0.00,239.65,100.90,sep23
WOCKHARDT,335.60,185.04,204.37,338.96,sep23
H&H PHRAMA,0.00,176.15,198.18,0.00,sep23
JAGSONPAL,50.01,216.00,197.50,108.00,sep23
AZIAN FORMULATI,362.84,0.00,197.08,192.88,sep23
ELDER GENERICS,608.16,0.00,177.60,554.40,sep23
SERUM INTERNATI,631.25,0.00,174.72,489.40,sep23
Dr.REDDY'S AQUR,274.80,0.00,171.75,137.40,sep23
MMC LABORATORIE,0.00,455.99,171.00,303.99,sep23
ACUMEN PHARMA,568.56,0.00,162.00,431.19,sep23
JOHNSON & JOHNS,783.88,278.97,161.79,923.36,sep23
VIRCHOW BIOTECH,206.40,0.00,156.00,81.60,sep23
WYETH,237.42,256.49,146.41,364.43,sep23
RPG LIFE SCIENC,117.13,0.00,146.40,0.00,sep23
GLENMARK MILIEU,305.98,0.00,145.35,183.59,sep23
SHIELD,115.20,230.40,144.00,230.40,sep23
INTAS PHARMACEU,282.79,0.00,136.35,161.60,sep23
MANKIND GENRIC,482.69,0.00,129.29,379.25,sep23
STEDMAN PHARMAC,100.00,0.00,125.00,0.00,sep23
KNOLL PHAMA,0.00,110.75,124.56,0.00,sep23
WALTER BUSHNELL,309.90,0.00,116.21,216.93,sep23
OZONE-PHARMACUT,607.23,0.00,114.92,505.08,sep23
KOYE PHARAMACEU,348.04,0.00,99.36,264.51,sep23
PROCTER & GAMBL,951.28,0.00,99.10,872.01,sep23
ARAVIND REMEDIE,124.66,0.00,98.00,41.55,sep23
GLAXO INDIA LIM,711.73,0.00,91.56,638.48,sep23
STANCHEM LIFE S,24.57,150.81,70.00,145.21,sep23
BOEHRINGER MANN,265.27,98.18,54.83,314.51,sep23
DUPHAR-SOLVAY,621.50,0.00,50.25,581.30,sep23
NOEL,206.36,0.00,0.00,206.36,sep23
INFOOD INC,"1,779.64",0.00,0.00,"1,779.64",sep23
juggat pharama,241.88,0.00,0.00,241.88,sep23
microtech,896.00,0.00,0.00,896.00,sep23
CORONA REMEDIES,477.62,0.00,0.00,477.62,sep23
RAMSONS SURGICA,392.00,0.00,0.00,392.00,sep23
SVIZERA HEALTH,409.05,0.00,0.00,409.05,sep23
MSD PHARMACEUTI,"1,104.03",0.00,0.00,"1,104.03",sep23
J.B.CHEMICALS &,290.19,0.00,0.00,290.19,sep23
MANEESH HEALTHC,57.76,0.00,0.00,57.76,sep23
ASTRAZENECA,0.00,0.00,0.00,"1,008.00",sep23
CADIA PHARMACEU,8.90,0.00,0.00,8.90,sep23
BTL PHARMA,9.50,0.00,0.00,9.50,sep23
ABILASH PHARMA,47.13,0.00,0.00,47.13,sep23
ROYAL DRUG CORP,600.00,0.00,0.00,600.00,sep23
SUN-SPECTRA,"1,192.02",0.00,0.00,"1,192.02",sep23
IPCA-3C DIVISON,888.97,0.00,0.00,888.97,sep23
BIOCHEM PHARMAC,8.06,0.00,0.00,8.06,sep23
COMMONWEALTH LA,422.45,0.00,0.00,422.45,sep23
SUNWAY'S,112.00,0.00,0.00,112.00,sep23
FRANCO-INDIAN,396.63,0.00,0.00,396.63,sep23
MEYER,467.19,0.00,0.00,467.19,sep23
MEDLEY PHARMACE,47.21,0.00,0.00,47.21,sep23
FDC PHARMACEUTI,601.32,20.00,0.00,521.31,sep23
SUN-AZTEC,243.22,0.00,0.00,243.22,sep23
GERMAN REMEDIES,174.14,0.00,0.00,174.14,sep23
AVENTIS PHARMA,13.31,0.00,0.00,13.31,sep23
MERIND,157.75,0.00,0.00,157.75,sep23
SMITHKLINE BEEC,14.32,0.00,0.00,14.32,sep23
GENETICA,145.15,290.28,0.00,435.45,sep23
BAYER,65.78,0.00,0.00,65.78,sep23
UNICHEM,416.53,271.91,0.00,688.44,sep23
NOVARTIS,147.13,157.40,0.00,304.53,sep23
ABBOTT LABORATO,408.45,0.00,0.00,408.45,sep23
